Код,Дія,Назва (прайс),Виробник (прайс),Фасовка прайс,Норм. фасовка,Категорія прайс,Ціна з ПДВ,Без ПДВ,Готівка ×1.10,Валюта,Назва (наша),Фасовка (наша),Tier,Категорія наша,Slug,№ рядка прайсу
1001,existing,"Агiл 100 KE","Адама","4*5л","5 л","Гербiциди",21.46,17.88,19.67,USD,"Агiл 100 KE","5 л",original,"Гербіцид","ahil-100-ke-adama",18
1002,existing,"Бельведер Форте КС","Адама","4*5л","5 л","Гербiциди",22.36,18.63,20.49,USD,"Бельведер Форте КС","5 л",original,"Гербіцид","belveder-forte-ks-adama",20
1003,existing,"Відблок Плюс МЕ","Адама","2*10л","10 л","Гербiциди",16.01,13.34,14.67,USD,"Відблок Плюс МЕ","10 л",original,"Гербіцид","vidblok-plyus-me-adama",21
1004,existing,"Галiган КЕ","Адама","12*1л","1 л","Гербiциди",31.28,26.07,28.68,USD,"Галiган КЕ","1 л",original,"Гербіцид","halihan-ke-adama",22
1005,existing,"Глiфоган РК","Адама","1*20л","20 л","Гербiциди",6.4,5.34,5.87,USD,"Глiфоган РК","20 л",original,"Гербіцид","hlifohan-rk-adama",23
1006,existing,"Голтiкс Голд МС","Адама","4*5л","5 л","Гербiциди",23.13,19.27,21.2,USD,"Голтiкс Голд МС","5 л",original,"Гербіцид","holtiks-hold-ms-adama",24
1007,existing,"Голтiкс Тітан КС","Адама","2*10л","10 л","Гербiциди",24.66,20.55,22.61,USD,"Голтiкс Тітан КС","10 л",original,"Гербіцид","holtiks-titan-ks-adama",25
1008,existing,"Евентус МЕ","Адама","2*10л","10 л","Гербiциди",28.32,23.6,25.96,USD,"Евентус МЕ","10 л",original,"Гербіцид","eventus-me-adama",26
1009,existing,"Ерроу КЕ","Адама","4*5л","5 л","Гербiциди",18.02,15.02,16.52,USD,"Ерроу КЕ","5 л",original,"Гербіцид","errou-ke-adama",27
1010,existing,"Калiф КС","Адама","4*5л","5 л","Гербiциди",33.92,28.27,31.1,USD,"Калiф КС","5 л",original,"Гербіцид","kalif-ks-adama",28
1011,existing,"Калiф Мега ФК","Адама","2*10л","10 л","Гербiциди",22.34,18.62,20.48,USD,"Калiф Мега ФК","10 л",original,"Гербіцид","kalif-meha-fk-adama",29
1012,existing,"Легато Тріо КС","Адама","10л","10 л","Гербiциди",19.18,15.99,17.59,USD,"Легато Тріо КС","10 л",original,"Гербіцид","lehato-trio-ks-adama",30
1013,existing,"Мiстраль ВГ","Адама","12*1кг","1 кг","Гербiциди",30.4,25.33,27.86,USD,"Мiстраль ВГ","1 кг",original,"Гербіцид","mistral-vh-adama",31
1014,existing,"Нiкоган МД","Адама","4*5л","5 л","Гербiциди",15.39,12.82,14.1,USD,"Нiкоган МД","5 л",original,"Гербіцид","nikohan-md-adama",33
1015,existing,"Пауертвiн КС","Адама","4*5л","5 л","Гербiциди",22.66,18.88,20.77,USD,"Пауертвiн КС","5 л",original,"Гербіцид","pauertvin-ks-adama",34
1016,existing,"Пендiган KC","Адама","12*1л","1 л","Гербiциди",12.67,10.56,11.62,USD,"Пендiган KC","1 л",original,"Гербіцид","pendihan-kc-adama",35
1017,existing,"Прометрекс  50 SC","Адама","4*5л","5 л","Гербiциди",10.13,8.44,9.28,USD,"Прометрекс  50 SC","5 л",original,"Гербіцид","prometreks-50-sc-adama",37
1018,existing,"Рейсер КЕ","Адама","4*5л","5 л","Гербiциди",18.63,15.53,17.08,USD,"Рейсер КЕ","5 л",original,"Гербіцид","reiser-ke-adama",38
1019,existing,"Скудеро 6-25-25 РК","Адама","10л","10 л","Мікродобрива",7.11,5.92,6.51,USD,"Скудеро 6-25-25 РК","10 л",original,"Гербіцид","skudero-6-25-25-rk-adama",45
1020,existing,"Скудеро Борон РК","Адама","10л","10 л","Мікродобрива",5.73,4.77,5.25,USD,"Скудеро Борон РК","10 л",original,"Гербіцид","skudero-boron-rk-adama",47
1021,existing,"Скудеро Мульті РК","Адама","10л","10 л","Мікродобрива",6.11,5.09,5.6,USD,"Скудеро Мульті РК","10 л",original,"Гербіцид","skudero-multi-rk-adama",48
1022,existing,"Скудеро САВ РК","Адама","10л","10 л","Мікродобрива",5.66,4.71,5.18,USD,"Скудеро САВ РК","10 л",original,"Гербіцид","skudero-sav-rk-adama",49
1023,existing,"Скудеро ZN+PK","Адама","10л","10 л","Мікродобрива",7.87,6.56,7.22,USD,"Скудеро ZN+PK","10 л",original,"Гербіцид","skudero-zn-pk-adama",46
1024,existing,"Султан КС","Адама","12*1л","1 л","Гербiциди",25.36,21.14,23.25,USD,"Султан КС","1 л",original,"Гербіцид","sultan-ks-adama",39
1025,existing,"Султан Твiн КС","Адама","4*5л","5 л","Гербiциди",32.21,26.84,29.52,USD,"Султан Твiн КС","5 л",original,"Гербіцид","sultan-tvin-ks-adama",41
1026,existing,"Томiган KE","Адама","4*5л","5 л","Гербiциди",27.72,23.1,25.41,USD,"Томiган KE","5 л",original,"Гербіцид","tomihan-ke-adama",42
1027,existing,"Триггер ВГ","Адама","2*0,5кг","0.5 кг","Гербiциди",70.57,58.81,64.69,USD,"Триггер ВГ","0.5 кг",original,"Гербіцид","tryhher-vh-adama",43
1028,existing,"Трифлурекс КЕ","Адама","4*5л","5 л","Гербiциди",9.94,8.28,9.11,USD,"Трифлурекс КЕ","5 л",original,"Гербіцид","tryflureks-ke-adama",44
1029,existing,"Аденго 465 КС","Байер","4*5л","5 л","Гербiциди",153.23,127.69,140.46,USD,"Аденго 465 КС","5 л",original,"Гербіцид","adenho-465-ks-baier",476
1030,existing,"Атлантіс стар","Байер","3кг","3 кг","Гербiциди",111.04,92.53,101.78,USD,"Атлантіс стар","3 кг",original,"Гербіцид","atlantis-star-baier",475
1031,existing,"Бекано 500SC KC","Байер","0,5л","0.5 л","Гербiциди",277.4,231.17,254.29,USD,"Бекано 500SC KC","0.5 л",original,"Гербіцид","bekano-500sc-kc-baier",479
1032,existing,"Бетанал Експерт 274 ЕС, КЕ","Байер","4*5л","5 л","Гербiциди",32.16,26.8,29.48,USD,"Бетанал Експерт 274 ЕС, КЕ","5 л",original,"Гербіцид","betanal-ekspert-274-es-ke-baier",477
1033,existing,"Бетанал Макс Про 209 OD, МД","Байер","4*5л","5 л","Гербiциди",26.54,22.12,24.33,USD,"Бетанал Макс Про 209 OD, МД","5 л",original,"Гербіцид","betanal-maks-pro-209-od-md-baier",478
1034,existing,"Гродiл Максi 375 OD, МД","Байер","12*1л","1 л","Гербiциди",121.19,100.99,111.09,USD,"Гродiл Максi 375 OD, МД","1 л",original,"Гербіцид","hrodil-maksi-375-od-md-baier",480
1035,existing,"Зенкор Лiквiд 600 SC, КС","Байер","4*5л","5 л","Гербiциди",49,40.84,44.92,USD,"Зенкор Лiквiд 600 SC, КС","5 л",original,"Гербіцид","zenkor-likvid-600-sc-ks-baier",481
1036,existing,"Лаудіс 30 WG, ВГ","Байер","4*3кг","3 кг","Гербiциди",95.14,79.28,87.21,USD,"Лаудіс 30 WG, ВГ","3 кг",original,"Гербіцид","laudis-30-wg-vh-baier",482
1037,existing,"МайсТер Пауер OD, МД","Байер","4*5л","5 л","Гербiциди",40.88,34.07,37.48,USD,"МайсТер Пауер OD, МД","5 л",original,"Гербіцид","maister-pauer-od-md-baier",483
1038,existing,"Мерлiн 750WG, ВГ","Байер","6*0,5кг","0.5 кг","Гербiциди",299.88,249.9,274.89,USD,"Мерлiн 750WG, ВГ","0.5 кг",original,"Гербіцид","merlin-750wg-vh-baier",485
1039,existing,"Мерлiн Флекс Дуо","Байер","6*0,5кг","0.5 кг","Гербiциди",38.85,32.38,35.62,USD,"Мерлiн Флекс Дуо","0.5 кг",original,"Гербіцид","merlin-fleks-duo-baier",486
1040,existing,"Мушкет Універсал 460OD","Байер","4*5л","5 л","Гербiциди",24.98,20.82,22.9,USD,"Мушкет Універсал 460OD","5 л",original,"Гербіцид","mushket-universal-460od-baier",490
1041,existing,"Пума Супер EW, ЕВ","Байер","2*10л","10 л","Гербiциди",34.78,28.98,31.88,USD,"Пума Супер EW, ЕВ","10 л",original,"Гербіцид","puma-super-ew-ev-baier",496
1042,existing,"Челендж 600 SC, КС","Байер","4*5л","5 л","Гербiциди",25.34,21.12,23.23,USD,"Челендж 600 SC, КС","5 л",original,"Гербіцид","chelendzh-600-sc-ks-baier",524
1043,existing (fuzzy),"Базагран, в.р.","Басф","1*20л","20 л","Гербiциди",15.28,12.73,14,USD,"Базагран","20 л",original,"Гербіцид","bazahran-basf",86
1044,existing,"Базагран ПРО","Басф","2*10л","10 л","Гербiциди",17.63,14.69,16.16,USD,"Базагран ПРО","10 л",original,"Гербіцид","bazahran-pro-basf",87
1045,existing,"Баста 150 SL","Басф","4*5л","5 л","Гербiциди",20.68,17.23,18.95,USD,"Баста 150 SL","5 л",original,"Гербіцид","basta-150-sl-basf",88
1046,existing,"Бутiзан Стар","Басф","2*10л","10 л","Гербiциди",30.66,25.55,28.11,USD,"Бутізан Стар","10 л",original,"Гербіцид","butizan-star-basf",91
1047,existing,"Бутiзан 400 д.в","Басф","4*5л","5 л","Гербiциди",26.21,21.84,24.02,USD,"Бутiзан 400 д.в","5 л",original,"Гербіцид","butizan-400-d-v-basf",89
1048,existing,"Бутiзан АВАНТ, СЕ","Басф","2*10л","10 л","Гербiциди",37.66,31.38,34.52,USD,"Бутiзан АВАНТ, СЕ","10 л",original,"Гербіцид","butizan-avant-se-basf",90
1049,existing,"Ервін ПРО","Басф","4*5л","5 л","Гербiциди",16.39,13.66,15.03,USD,"Ервін ПРО","5 л",original,"Гербіцид","ervin-pro-basf",85
1050,existing,"Євро-лайтнiнг ПЛЮС, РК","Басф","2*10л","10 л","Гербiциди",19.86,16.55,18.21,USD,"Євро-лайтнiнг ПЛЮС, РК","10 л",original,"Гербіцид","yevro-laitninh-plyus-rk-basf",104
1051,existing,"Євро-лайтнiнг, РК","Басф","2*10л","10 л","Гербiциди",29.89,24.91,27.4,USD,"Євро-лайтнiнг, РК","10 л",original,"Гербіцид","yevro-laitninh-rk-basf",103
1052,existing,"Камбіо Стар","Басф","20л","20 л","Гербiциди",14.36,11.97,13.17,USD,"Камбіо Стар","20 л",original,"Гербіцид","kambio-star-basf",92
1053,existing,"Корум","Басф","4*5л","5 л","Гербiциди",27.41,22.84,25.12,USD,"Корум","5 л",original,"Гербіцид","korum-basf",93
1054,existing,"Нопасаран","Басф","2*10л","10 л","Гербiциди",30.84,25.7,28.27,USD,"Нопасаран","10 л",original,"Гербіцид","nopasaran-basf",101
1055,existing,"Нопасаран Флекс","Басф","2*10л","10 л","Гербiциди",30.84,25.7,28.27,USD,"Нопасаран Флекс","10 л",original,"Гербіцид","nopasaran-fleks-basf",102
1056,existing,"Пульсар Флекс","Басф","2*10л","10 л","Гербiциди",20.92,17.43,19.17,USD,"Пульсар Флекс","10 л",original,"Гербіцид","pulsar-flex-basf",95
1057,existing,"Стеллар Плюс, РК","Басф","2*10л","10 л","Гербiциди",39.77,33.14,36.45,USD,"Стеллар Плюс, РК","10 л",original,"Гербіцид","stellar-plyus-rk-basf",97
1058,existing,"Стомп 330, к.е","Басф","2*10л","10 л","Гербiциди",16.37,13.64,15,USD,"Стомп 330, к.е","10 л",original,"Гербіцид","stomp-330-k-e-basf",98
1059,existing,"Стомп Аква","Басф","2*10л","10 л","Гербiциди",18.78,15.65,17.22,USD,"Стомп Аква","10 л",original,"Гербіцид","stomp-akva-basf",99
1060,existing,"Фронтьер оптима","Басф","4*5л","5 л","Гербiциди",40.14,33.45,36.8,USD,"Фронтьер оптима","5 л",original,"Гербіцид","fronter-optyma-basf",100
1061,existing,"Хайкот Супер Extender","Басф","1*6,4л","6.4 л","Iнокулянт",23.86,19.88,21.87,USD,"Хайкот Супер Extender","6.4 л",original,"Гербіцид","khaikot-super-extender-basf",80
1062,existing,"Хайкот Супер, р","Басф","1*6,4л","6.4 л","Iнокулянт",54.98,45.82,50.4,USD,"Хайкот Супер, р","6.4 л",original,"Гербіцид","khaikot-super-r-basf",81
1063,existing,"ХіСтік, в.п.","Басф","1*6,4л","6.4 л","Iнокулянт",35.27,29.39,32.33,USD,"ХіСтік, в.п.","6.4 л",original,"Гербіцид","khistik-v-p-basf",79
1064,existing,"Айдахо","Дефенда","20л","20 л","Гербiциди",6.3,5.25,5.78,USD,"Айдахо","20 л",original,"Гербіцид","aidakho-defenda",628
1065,existing,"Айлар","Дефенда","20л","20 л","Гербiциди",18,15,16.5,USD,"Айлар","20 л",original,"Гербіцид","ailar-defenda",609
1066,existing,"Аксакал","Дефенда","20*0,5кг","0.5 кг","Гербiциди",100,83.33,91.66,USD,"Аксакал","0.5 кг",original,"Гербіцид","aksakal-defenda",604
1067,existing,"Бантен","Дефенда","20л","20 л","Гербiциди",9.95,8.29,9.12,USD,"Бантен","20 л",original,"Гербіцид","banten-defenda",610
1068,existing,"Бетагард","Дефенда","20л","20 л","Гербiциди",10.9,9.08,9.99,USD,"Бетагард","20 л",original,"Гербіцид","betahard-defenda",612
1069,existing,"Блейд","Дефенда","2*10л","10 л","Гербiциди",6.8,5.67,6.24,USD,"Блейд","10 л",original,"Гербіцид","bleid-defenda",613
1070,existing,"Брокс","Дефенда","4*5л","5 л","Гербiциди",9.3,7.75,8.53,USD,"Брокс","5 л",original,"Гербіцид","broks-defenda",617
1071,existing,"Дабл трай","Дефенда","20л","20 л","Гербiциди",8.5,7.08,7.79,USD,"Дабл трай","20 л",original,"Гербіцид","dabl-trai-defenda",619
1072,existing,"Дикамба Форте","Дефенда","20л","20 л","Гербiциди",5.8,4.83,5.31,USD,"Дикамба Форте","20 л",original,"Гербіцид","dykamba-forte-defenda",620
1073,existing,"Ефімер","Дефенда","4*5л","5 л","Гербiциди",6.3,5.25,5.78,USD,"Ефімер","5 л",original,"Гербіцид","efimer-defenda",624
1074,existing,"Імпреза","Дефенда","20л","20 л","Гербiциди",10.8,9,9.9,USD,"Імпреза","20 л",original,"Гербіцид","impreza-defenda",629
1075,existing,"Кентавр","Дефенда","20*0,5кг","0.5 кг","Гербiциди",140,116.67,128.34,USD,"Кентавр","0.5 кг",original,"Гербіцид","kentavr-defenda",634
1076,existing,"Клаттер","Дефенда","4*5л","5 л","Гербiциди",10.8,9,9.9,USD,"Клаттер","5 л",original,"Гербіцид","klatter-defenda",635
1077,existing,"Кушон","Дефенда","2*10л","10 л","Гербiциди",22,18.33,20.16,USD,"Кушон","10 л",original,"Гербіцид","kushon-defenda",636
1078,existing,"Літерон","Дефенда","20л","20 л","Гербiциди",9.8,8.17,8.99,USD,"Літерон","20 л",original,"Гербіцид","literon-defenda",638
1079,existing,"Матар","Дефенда","4*5л","5 л","Гербiциди",18.3,15.25,16.78,USD,"Матар","5 л",original,"Гербіцид","matar-defenda",639
1080,existing,"Муссон","Дефенда","2*10л","10 л","Гербiциди",6.3,5.25,5.78,USD,"Муссон","10 л",original,"Гербіцид","musson-defenda",643
1081,existing,"Напалм","Дефенда","20л","20 л","Гербiциди",4.2,3.5,3.85,USD,"Напалм","20 л",original,"Гербіцид","napalm-defenda",644
1082,existing,"Напалм Супер","Дефенда","20л","20 л","Гербiциди",6,5,5.5,USD,"Напалм Супер","20 л",original,"Гербіцид","napalm-super-defenda",646
1083,existing,"Напалм Форте","Дефенда","20л","20 л","Гербiциди",5.2,4.33,4.76,USD,"Напалм Форте","20 л",original,"Гербіцид","napalm-forte-defenda",645
1084,existing,"Перун","Дефенда","20л","20 л","Гербiциди",5.8,4.83,5.31,USD,"Перун","20 л",original,"Гербіцид","perun-defenda",652
1085,existing,"Піраміда","Дефенда","4*5л","5 л","Гербiциди",16,13.33,14.66,USD,"Піраміда","5 л",original,"Гербіцид","piramida-defenda",653
1086,existing,"Примус","Дефенда","4*5л","5 л","Гербiциди",5.9,4.92,5.41,USD,"Примус","5 л",original,"Гербіцид","prymus-defenda",655
1087,existing,"Рим","Дефенда","20*0,5кг","0.5 кг","Гербiциди",75,62.5,68.75,USD,"Рим","0.5 кг",original,"Гербіцид","rym-defenda",657
1088,existing,"Сахара","Дефенда","20л","20 л","Гербiциди",7.3,6.08,6.69,USD,"Сахара","20 л",original,"Гербіцид","sakhara-defenda",658
1089,existing,"Сора-Нет","Дефенда","4*5л","5 л","Гербiциди",7.3,6.08,6.69,USD,"Сора-Нет","5 л",original,"Гербіцид","sora-net-defenda",663
1090,existing,"Старлент","Дефенда","20л","20 л","Гербiциди",6.9,5.75,6.33,USD,"Старлент","20 л",original,"Гербіцид","starlent-defenda",667
1091,existing,"Сумаро","Дефенда","4*5л","5 л","Гербiциди",26,21.67,23.84,USD,"Сумаро","5 л",original,"Гербіцид","sumaro-defenda",668
1092,existing,"Форит","Дефенда","4*5л","5 л","Гербiциди",14.2,11.83,13.01,USD,"Форит","5 л",original,"Гербіцид","foryt-defenda",625
1093,existing,"Харума","Дефенда","2*10л","10 л","Гербiциди",8.2,6.83,7.51,USD,"Харума","10 л",original,"Гербіцид","kharuma-defenda",627
1094,existing,"Шериф","Дефенда","50*0,2кг","0.2 кг","Гербiциди",27,22.5,24.75,USD,"Шериф","0.2 кг",original,"Гербіцид","sheryf-defenda",660
1095,existing,"Шериф Максі","Дефенда","50*0,2кг","0.2 кг","Гербiциди",90,75,82.5,USD,"Шериф Максі","0.2 кг",original,"Гербіцид","sheryf-maksi-defenda",661
1096,existing,"Айказ","Кортева","4*5л","5 л","Адьювант",16.13,13.44,14.78,USD,"Айказ","5 л",original,"Гербіцид","aikaz-korteva",189
1097,existing,"Белкар","Кортева","4*3л","3 л","Гербiциди",139.42,116.18,127.8,USD,"Белкар","3 л",original,"Гербіцид","belkar-korteva",153
1098,existing,"Белкар Флекс, КЕ","Кортева","4*5л","5 л","Гербiциди",139.42,116.18,127.8,USD,"Белкар Флекс, КЕ","5 л",original,"Гербіцид","belkar-fleks-ke-korteva",152
1099,existing,"Блу-Н","Кортева","3кг","3 кг","Стабілізатор азоту",79.99,66.66,73.33,USD,"Блу-Н","3 кг",original,"Гербіцид","blu-n-korteva",194
1100,existing,"Геліантекс","Кортева","10*1л","1 л","Гербiциди",459.36,382.8,421.08,USD,"Геліантекс","1 л",original,"Гербіцид","helianteks-korteva",155
1101,existing,"Геліантекс + Аканто Плюс","Кортева","1:05","1:05","Гербiциди",454.84,379.03,416.93,USD,"Геліантекс + Аканто Плюс","1:05",original,"Гербіцид","helianteks-akanto-plyus-korteva",156
1102,existing,"Геліантекс Про","Кортева","1,2кг","1.2 кг","Гербiциди",503.71,419.76,461.74,USD,"Геліантекс Про","1.2 кг",original,"Гербіцид","helianteks-pro-korteva",157
1103,existing,"Квелекс 200вг","Кортева","10*0,6кг","0.6 кг","Гербiциди",158.4,132,145.2,USD,"Квелекс 200вг","0.6 кг",original,"Гербіцид","kveleks-200vh-korteva",158
1104,existing,"Кордус Флекс","Кортева","2,4кг","2.4 кг","Гербiциди",84.31,70.26,77.29,USD,"Кордус Флекс","2.4 кг",original,"Гербіцид","kordus-fleks-korteva",159
1105,existing,"Лонтрел 300 в.р.","Кортева","4*5л","5 л","Гербiциди",68.83,57.36,63.1,USD,"Лонтрел 300 в.р.","5 л",original,"Гербіцид","lontrel-300-v-r-korteva",160
1106,existing,"Лортама","Кортева","4*5л","5 л","Гербiциди",31.54,26.28,28.91,USD,"Лортама","5 л",original,"Гербіцид","lortama-korteva",161
1107,existing,"Н-Лок Макс","Кортева","10л","10 л","Стабілізатор азоту",18.45,15.37,16.91,USD,"Н-Лок Макс","10 л",original,"Гербіцид","n-lok-maks-korteva",195
1108,existing,"Паллас  Екстра 317 ВГ","Кортева","10*1кг","1 кг","Гербiциди",330.55,275.46,303.01,USD,"Паллас  Екстра 317 ВГ","1 кг",original,"Гербіцид","pallas-ekstra-317-vh-korteva",167
1109,existing,"Паллас 45OD","Кортева","4*5л","5 л","Гербiциди",53.74,44.78,49.26,USD,"Паллас 45OD","5 л",original,"Гербіцид","pallas-45od-korteva",166
1110,existing,"Пріма","Кортева","4*5л","5 л","Гербiциди",12.7,10.58,11.64,USD,"Прима","5 л",original,"Гербіцид","pryma-korteva",169
1112,existing,"Пріма Інтенс","Кортева","4*5л","5 л","Гербiциди",16.49,13.74,15.11,USD,"Пріма Інтенс","5 л",original,"Гербіцид","prima-intens-korteva",168
1113,existing,"Слаш","Кортева","4*5л","5 л","Гербiциди",45.29,37.74,41.51,USD,"Слаш","5 л",original,"Гербіцид","slash-korteva",170
1114,existing,"Старане Премiум","Кортева","4*5л","5 л","Гербiциди",31,25.84,28.42,USD,"Старане Премiум","5 л",original,"Гербіцид","starane-premium-korteva",171
1137,existing,"Агрiтокс 50%","Нуфарм","2*10л","10 л","Гербiциди",11.76,9.8,10.78,USD,"Агрiтокс 50%","10 л",original,"Гербіцид","ahritoks-50-nufarm",418
1138,existing,"Агрiтокс Турбо","Нуфарм","2*10л","10 л","Гербiциди",18.84,15.7,17.27,USD,"Агрiтокс Турбо","10 л",original,"Гербіцид","ahritoks-turbo-nufarm",419
1139,existing,"Астрал","Нуфарм","4*5л","5 л","Гербiциди",16.04,13.37,14.71,USD,"Астрал","5 л",original,"Гербіцид","astral-nufarm",420
1140,existing,"Декстер","Нуфарм","4*5л","5 л","Гербiциди",22.51,18.76,20.64,USD,"Декстер","5 л",original,"Гербіцид","dekster-nufarm",423
1141,existing,"Дiкопур ТОП 464","Нуфарм","1*15л","15 л","Гербiциди",10.07,8.39,9.23,USD,"Дiкопур ТОП 464","15 л",original,"Гербіцид","dikopur-top-464-nufarm",425
1142,existing,"Еквінокс, КС","Нуфарм","4*5л","5 л","Гербiциди",101.81,84.84,93.32,USD,"Еквінокс, КС","5 л",original,"Гербіцид","ekvinoks-ks-nufarm",427
1143,existing,"Естет 905","Нуфарм","4*5л","5 л","Гербiциди",14.31,11.93,13.12,USD,"Естет 905","5 л",original,"Гербіцид","estet-905-nufarm",426
1144,existing,"Зеагран 350","Нуфарм","4*5л","5 л","Гербiциди",22.92,19.1,21.01,USD,"Зеагран 350","5 л",original,"Гербіцид","zeahran-350-nufarm",429
1145,existing,"Інтерцепт","Нуфарм","1*20л","20 л","Гербiциди",24.64,20.53,22.58,USD,"Інтерцепт","20 л",original,"Гербіцид","intertsept-nufarm",430
1146,existing,"Квад 150РК","Нуфарм","20л","20 л","Гербiциди",6.39,5.33,5.86,USD,"Квад 150РК","20 л",original,"Гербіцид","kvad-150rk-nufarm",433
1147,existing,"Клозе 480 КЕ","Нуфарм","4*5л","5 л","Гербiциди",31.95,26.63,29.29,USD,"Клозе 480 КЕ","5 л",original,"Гербіцид","kloze-480-ke-nufarm",437
1148,existing,"Клiнiк в.р.","Нуфарм","1*20л","20 л","Гербiциди",5.4,4.5,4.95,USD,"Клiнiк в.р.","20 л",original,"Гербіцид","klinik-v-r-nufarm",435
1149,existing,"Клiнiк Ікстрим","Нуфарм","1*20л","20 л","Гербiциди",9.1,7.58,8.34,USD,"Клiнiк Ікстрим","20 л",original,"Гербіцид","klinik-ikstrym-nufarm",434
1150,existing,"Клiнiк Макс","Нуфарм","1*20л","20 л","Гербiциди",9.29,7.74,8.51,USD,"Клiнiк Макс","20 л",original,"Гербіцид","klinik-maks-nufarm",436
1151,existing,"Ларс 250, ВГ","Нуфарм","4*5л","5 л","Гербiциди",138.67,115.56,127.12,USD,"Ларс 250, ВГ","5 л",original,"Гербіцид","lars-250-vh-nufarm",438
1152,existing,"Ларс дельта","Нуфарм","12*1л","1 л","Гербiциди",83.66,69.72,76.69,USD,"Ларс дельта","1 л",original,"Гербіцид","lars-delta-nufarm",439
1153,existing,"Ларс Комбі","Нуфарм","комбіпак","комбіпак","Гербiциди",231.12,192.6,211.86,USD,"Ларс Комбі","комбіпак",original,"Гербіцид","lars-kombi-nufarm",440
1154,existing,"Марсель","Нуфарм","4*5л","5 л","Гербiциди",115.56,96.3,105.93,USD,"Марсель","5 л",original,"Гербіцид","marsel-nufarm",441
1155,existing,"Монітор Плюс","Нуфарм","0,266+0,8","0,266+0,8","Гербiциди",409.19,340.99,375.09,USD,"Монітор Плюс","0,266+0,8",original,"Гербіцид","monitor-plyus-nufarm",449
1156,existing,"Селфі","Нуфарм","0,8л","0.8 л","Адьювант",29.46,24.55,27.01,USD,"Селфі","0.8 л",original,"Гербіцид","selfi-nufarm",416
1157,existing,"Селфі ОЙЛ","Нуфарм","5л","5 л","Адьювант",7.99,6.66,7.33,USD,"Селфі ОЙЛ","5 л",original,"Гербіцид","selfi-oil-nufarm",417
1158,existing,"Тейлор","Нуфарм","0,5кг","0.5 кг","Гербiциди",63.99,53.33,58.66,USD,"Тейлор","0.5 кг",original,"Гербіцид","teilor-nufarm",459
1159,existing,"Троллер","Нуфарм","4*5л","5 л","Гербiциди",10.02,8.35,9.19,USD,"Троллер","5 л",original,"Гербіцид","troller-nufarm",458
1160,existing,"Тру","Нуфарм","комбіпак","комбіпак","Гербiциди",90.79,75.66,83.23,USD,"Тру","комбіпак",original,"Гербіцид","tru-nufarm",444
1161,existing,"Філдер, КЕ","Нуфарм","20л","20 л","Гербiциди",8.81,7.34,8.07,USD,"Філдер, КЕ","20 л",original,"Гербіцид","filder-ke-nufarm",442
1162,existing,"Флойд, КЕ","Нуфарм","20л","20 л","Гербiциди",17.45,14.54,15.99,USD,"Флойд, КЕ","20 л",original,"Гербіцид","floid-ke-nufarm",443
1163,existing,"Агер Форте, КС","Самміт-Агро","20л","20 л","Гербiциди",12.44,10.37,11.41,USD,"Агер Форте, КС","20 л",original,"Гербіцид","aher-forte-ks-sammit-agro",556
1165,existing,"Амарон, РК","Самміт-Агро","20л","20 л","Гербiциди",7.52,6.26,6.89,USD,"Амарон, РК","20 л",original,"Гербіцид","amaron-rk-sammit-agro",557
1166,existing,"Асамі, КС","Самміт-Агро","4*5л","5 л","Гербiциди",25.53,21.28,23.41,USD,"Асамі, КС","5 л",original,"Гербіцид","asami-ks-sammit-agro",558
1167,existing,"Астрел Макс, СЕ","Самміт-Агро","20л","20 л","Гербiциди",15.42,12.85,14.14,USD,"Астрел Макс, СЕ","20 л",original,"Гербіцид","astrel-maks-se-sammit-agro",559
1168,existing,"Бамбу 480, ке","Самміт-Агро","4*5л","5 л","Гербiциди",30.46,25.38,27.92,USD,"Бамбу 480, ке","5 л",original,"Гербіцид","bambu-480-ke-sammit-agro",560
1169,existing,"Беструк, РК","Самміт-Агро","12*1л","1 л","Біопродукт",61.56,51.3,56.43,USD,"Беструк, РК","1 л",original,"Гербіцид","bestruk-rk-sammit-agro",547
1170,existing,"Біфлай, КС","Самміт-Агро","4*5л","5 л","Біопродукт",24.62,20.52,22.57,USD,"Біфлай, КС","5 л",original,"Гербіцид","biflai-ks-sammit-agro",546
1171,existing,"Вайс ПРО, КЕ","Самміт-Агро","4*5л","5 л","Адьювант",18.79,15.66,17.23,USD,"Вайс ПРО, КЕ","5 л",original,"Гербіцид","vais-pro-ke-sammit-agro",539
1172,existing,"Дікафлор 440, КЕ","Самміт-Агро","4*5л","5 л","Гербiциди",32.4,27,29.7,USD,"Дікафлор 440, КЕ","5 л",original,"Гербіцид","dikaflor-440-ke-sammit-agro",562
1173,existing,"Імамекс 40 SL BP","Самміт-Агро","4*5л","5 л","Гербiциди",22.29,18.58,20.44,USD,"Імамекс 40 SL BP","5 л",original,"Гербіцид","imameks-40-sl-bp-sammit-agro",563
1174,existing,"Іночі, РК","Самміт-Агро","4*5л","5 л","Біопродукт",35.38,29.48,32.43,USD,"Іночі, РК","5 л",original,"Гербіцид","inochi-rk-sammit-agro",550
1175,existing,"Інфанта, КС","Самміт-Агро","12*1л","1 л","Гербiциди",99.79,83.16,91.48,USD,"Інфанта, КС","1 л",original,"Гербіцид","infanta-ks-sammit-agro",561
1176,existing,"Казумiн 2Л","Самміт-Агро","12*1л","1 л","Біопродукт",32.4,27,29.7,USD,"Казумiн 2Л","1 л",original,"Гербіцид","kazumin-2l-sammit-agro",552
1177,existing,"Казумiн 8Л","Самміт-Агро","4*5л","5 л","Біопродукт",106.27,88.56,97.42,USD,"Казумiн 8Л","5 л",original,"Гербіцид","kazumin-8l-sammit-agro",553
1178,existing,"Кайші Макс, МГ","Самміт-Агро","4*5л","5 л","Біопродукт",30.84,25.7,28.27,USD,"Кайші Макс, МГ","5 л",original,"Гербіцид","kaishi-maks-mh-sammit-agro",551
1179,existing,"Кінактив Інішіал, РК","Самміт-Агро","4*5л","5 л","Біопродукт",22.03,18.36,20.2,USD,"Кінактив Інішіал, РК","5 л",original,"Гербіцид","kinaktyv-inishial-rk-sammit-agro",554
1180,existing,"Клевердим Гранд, КЕ","Самміт-Агро","2*10л","10 л","Гербiциди",36.29,30.24,33.26,USD,"Клевердим Гранд, КЕ","10 л",original,"Гербіцид","kleverdym-hrand-ke-sammit-agro",564
1181,existing,"Матріка, КС","Самміт-Агро","20л","20 л","Гербiциди",8.04,6.7,7.37,USD,"Матріка, КС","20 л",original,"Гербіцид","matrika-ks-sammit-agro",565
1182,existing,"Наруто, КС","Самміт-Агро","10л","10 л","Гербiциди",22.16,18.47,20.32,USD,"Наруто, КС","10 л",original,"Гербіцид","naruto-ks-sammit-agro",566
1183,existing,"Нурспрей (Nurspray), Р","Самміт-Агро","4*5л","5 л","Біопродукт",17.5,14.58,16.04,USD,"Нурспрей (Nurspray), Р","5 л",original,"Гербіцид","nursprei-nurspray-r-sammit-agro",555
1184,existing,"Олемiкс 84, КЕ","Самміт-Агро","2*10л","10 л","Адьювант",6.48,5.4,5.94,USD,"Олемiкс 84, КЕ","10 л",original,"Гербіцид","olemiks-84-ke-sammit-agro",540
1185,existing,"Оттер Форте, КС","Самміт-Агро","20л","20 л","Гербiциди",9.46,7.88,8.67,USD,"Оттер Форте, КС","20 л",original,"Гербіцид","otter-forte-ks-sammit-agro",568
1186,existing,"Пледж 50, ЗП","Самміт-Агро","10кг(5*200гр)","10кг(5*200гр)","Гербiциди",168.48,140.4,154.44,USD,"Пледж 50, ЗП","10кг(5*200гр)",original,"Гербіцид","pledzh-50-zp-sammit-agro",569
1187,existing,"Росейт, РК","Самміт-Агро","20л","20 л","Гербiциди",6.35,5.29,5.82,USD,"Росейт, РК","20 л",original,"Гербіцид","roseit-rk-sammit-agro",567
1188,existing,"РоуБэк, КЕ","Самміт-Агро","4*3л","3 л","Адьювант",18.4,15.34,16.87,USD,"РоуБэк, КЕ","3 л",original,"Гербіцид","roubek-ke-sammit-agro",541
1189,existing,"Сакано, РК","Самміт-Агро","20л","20 л","Гербiциди",14.26,11.88,13.07,USD,"Сакано, РК","20 л",original,"Гербіцид","sakano-rk-sammit-agro",570
1190,existing,"Самсон Супер 6 OD, МД","Самміт-Агро","4*5л","5 л","Гербiциди",30.2,25.16,27.68,USD,"Самсон Супер 6 OD, МД","5 л",original,"Гербіцид","samson-super-6-od-md-sammit-agro",571
1191,existing,"Сендай, РК","Самміт-Агро","4*5л","5 л","Адьювант",11.02,9.18,10.1,USD,"Сендай, РК","5 л",original,"Гербіцид","sendai-rk-sammit-agro",542
1192,existing,"Сінтмезо, СЕ","Самміт-Агро","2*10л","10 л","Гербiциди",13.74,11.45,12.6,USD,"Сінтмезо, СЕ","10 л",original,"Гербіцид","sintmezo-se-sammit-agro",572
1193,existing,"Скаба, КЕ","Самміт-Агро","4*5л","5 л","Адьювант",35.77,29.81,32.79,USD,"Скаба, КЕ","5 л",original,"Гербіцид","skaba-ke-sammit-agro",543
1194,existing (fuzzy),"Тарга Макс, КЕ","Самміт-Агро","4*5л","5 л","Гербiциди",26.57,22.14,24.35,USD,"Тарга Супер","5 л",original,"Гербіцид","tarha-super-sammit-agro",574
1195,existing,"Тропіка, КЕ","Самміт-Агро","20л","20 л","Гербiциди",9.07,7.56,8.32,USD,"Тропіка, КЕ","20 л",original,"Гербіцид","tropika-ke-sammit-agro",575
1196,existing,"Хікару, ВГ","Самміт-Агро","12*0,5кг","0.5 кг","Гербiциди",82.94,69.12,76.03,USD,"Хікару, ВГ","0.5 кг",original,"Гербіцид","khikaru-vh-sammit-agro",576
1197,existing,"Акваті 800 EC","Сингента","2*10л","10 л","Гербiциди",17.14,14.28,15.71,USD,"Акваті 800 EC","10 л",original,"Гербіцид","akvati-800-ec-synhenta",330
1198,existing,"Аксiал 050EC","Сингента","4*5л","5 л","Гербiциди",40.68,33.9,37.29,USD,"Аксiал 050EC","5 л",original,"Гербіцид","aksial-050ec-synhenta",331
1199,existing,"Аксiал CROSS 050EC","Сингента","4*5л","5 л","Гербiциди",42.54,35.45,39,USD,"Аксiал CROSS 050EC","5 л",original,"Гербіцид","aksial-cross-050ec-synhenta",332
1200,existing,"Баундари 777,5","Сингента","4*5л","5 л","Гербiциди",23.47,19.56,21.52,USD,"Баундари 777,5","5 л",original,"Гербіцид","baundary-777-5-synhenta",333
1201,existing,"Бороплюс","Сингента","20*1л","1 л","Мікродобриво",10.01,8.34,9.17,USD,"Бороплюс","1 л",original,"Гербіцид","boroplyus-synhenta",362
1202,existing,"Брексіл МІКС ZN","Сингента","4*5л","5 л","Мікродобриво",11.74,9.78,10.76,USD,"Брексіл МІКС ZN","5 л",original,"Гербіцид","breksil-miks-zn-synhenta",361
1203,existing,"Брексіл ZN","Сингента","4*5л","5 л","Мікродобриво",7.66,6.38,7.02,USD,"Брексіл ZN","5 л",original,"Гербіцид","breksil-zn-synhenta",360
1204,existing,"Гезагард 500FW","Сингента","4*5л","5 л","Гербiциди",11.75,9.79,10.77,USD,"Гезагард 500FW","5 л",original,"Гербіцид","hezahard-500fw-synhenta",342
1205,existing,"Дербi 175 SC","Сингента","20*500мл","500 мл","Гербiциди",161.25,134.38,147.82,USD,"Дербi 175 SC","500 мл",original,"Гербіцид","derbi-175-sc-synhenta",336
1207,existing,"Дiален супер 464SL","Сингента","2*10л","10 л","Гербiциди",14.3,11.92,13.11,USD,"Дiален супер 464SL","10 л",original,"Гербіцид","dialen-super-464sl-synhenta",337
1208,existing,"Еллюмiс 105 OD","Сингента","1*20л","20 л","Гербiциди",31.1,25.92,28.51,USD,"Еллюмiс 105 OD","20 л",original,"Гербіцид","ellyumis-105-od-synhenta",339
1209,existing,"Каптора 20л","Сингента","20л","20 л","Гербiциди",45.79,38.16,41.98,USD,"Каптора 20л","20 л",original,"Гербіцид","kaptora-20l-synhenta",334
1210,existing,"Каптора PLUS","Сингента","2*10л","10 л","Гербiциди",25.88,21.56,23.72,USD,"Каптора PLUS","10 л",original,"Гербіцид","kaptora-plus-synhenta",335
1211,existing,"Логран 75WG","Сингента","10*0,12кг","0.12 кг","Гербiциди",280.44,233.7,257.07,USD,"Логран 75WG","0.12 кг",original,"Гербіцид","lohran-75wg-synhenta",343
1212,existing,"Лонтрел Гранд","Сингента","4*2кг","2 кг","Гербiциди",199.28,166.07,182.68,USD,"Лонтрел Гранд","2 кг",original,"Гербіцид","lontrel-hrand-synhenta",345
1213,existing,"Люмакс 537,5SE","Сингента","20л","20 л","Гербiциди",15.78,13.15,14.47,USD,"Люмакс 537,5SE","20 л",original,"Гербіцид","lyumaks-537-5se-synhenta",344
1214,existing,"Мілагро 040SC","Сингента","4*5л","5 л","Гербiциди",19.3,16.08,17.69,USD,"Мілагро 040SC","5 л",original,"Гербіцид","milahro-040sc-synhenta",346
1215,existing,"Моддус STAR 500 DС","Сингента","4*5л","5 л","Ретардант",59.95,49.96,54.96,USD,"Моддус STAR 500 DС","5 л",original,"Гербіцид","moddus-star-500-ds-synhenta",292
1216,existing,"Прiмекстра Голд 720","Сингента","1*20л","20 л","Гербiциди",14.03,11.69,12.86,USD,"Прiмекстра Голд 720","20 л",original,"Гербіцид","primekstra-hold-720-synhenta",349
1217,existing,"Прiмекстра TZ Голд 500SC","Сингента","1*20л","20 л","Гербiциди",11.81,9.84,10.82,USD,"Прiмекстра TZ Голд 500SC","20 л",original,"Гербіцид","primekstra-tz-hold-500sc-synhenta",350
1219,existing,"Рейкер Екстра 60 OD","Сингента","1*20л","20 л","Гербiциди",44.6,37.16,40.88,USD,"Рейкер Екстра 60 OD","20 л",original,"Гербіцид","reiker-ekstra-60-od-synhenta",351
1220,existing,"Сeтар 375 SC","Сингента","4*5л","5 л","Ретардант",67.2,56,61.6,USD,"Сeтар 375 SC","5 л",original,"Гербіцид","setar-375-sc-synhenta",293
1221,existing,"Такомір 040 SL","Сингента","4*5л","5 л","Гербiциди",28.22,23.52,25.87,USD,"Такомір 040 SL","5 л",original,"Гербіцид","takomir-040-sl-synhenta",352
1222,existing,"Твіст 50WG","Сингента","10*0,5кг","0.5 кг","Гербiциди",235.87,196.56,216.22,USD,"Твіст 50WG","0.5 кг",original,"Гербіцид","tvist-50wg-synhenta",353
1223,existing,"Ураган Форте 500SL","Сингента","20л","20 л","Гербiциди",8.64,7.2,7.92,USD,"Ураган Форте","20 л",original,"Гербіцид","urahan-forte-synhenta",354
1224,existing,"Флюенс","Сингента","10*500мл","500 мл","Гербiциди",293.76,244.8,269.28,USD,"Флюенс","500 мл",original,"Гербіцид","flyuens-synhenta",340
1225,existing,"Фюзiлад Форте150ЕС","Сингента","20л","20 л","Гербiциди",25.93,21.61,23.77,USD,"Фюзiлад Форте150ЕС","20 л",original,"Гербіцид","fyuzilad-forte150es-synhenta",341
1226,existing,"Аллатан 105 МД","Терра Віта","10л","10 л","Гербiциди",15.22,12.68,13.95,USD,"Аллатан 105 МД","10 л",original,"Гербіцид","allatan-105-md-terra-vita",369
1227,existing,"Арія 40 МД","Терра Віта","20л","20 л","Гербiциди",8.85,7.37,8.11,USD,"Арія 40 МД","20 л",original,"Гербіцид","ariya-40-md-terra-vita",370
1228,existing,"Баккард 125 к.е.","Терра Віта","10л","10 л","Гербiциди",13.48,11.24,12.36,USD,"Баккард 125 к.е.","10 л",original,"Гербіцид","bakkard-125-k-e-terra-vita",371
1229,existing,"Брітекс 40РК","Терра Віта","2*10л","10 л","Гербiциди",14.49,12.08,13.29,USD,"Брітекс 40РК","10 л",original,"Гербіцид","briteks-40rk-terra-vita",373
1230,existing,"Грантокс 500 в.р.","Терра Віта","2*10л","10 л","Гербiциди",8.9,7.42,8.16,USD,"Грантокс 500 в.р.","10 л",original,"Гербіцид","hrantoks-500-v-r-terra-vita",376
1231,existing,"Еклат750 в.г","Терра Віта","1кг","1 кг","Гербiциди",204.65,170.55,187.61,USD,"Еклат750 в.г","1 кг",original,"Гербіцид","eklat750-v-h-terra-vita",377
1232,existing,"Екстраклін 607 РК","Терра Віта","20л","20 л","Гербiциди",7.69,6.41,7.05,USD,"Екстраклін 607 РК","20 л",original,"Гербіцид","ekstraklin-607-rk-terra-vita",378
1233,existing,"Екстраклін К РК","Терра Віта","20л","20 л","Гербiциди",8.27,6.89,7.58,USD,"Екстраклін К РК","20 л",original,"Гербіцид","ekstraklin-k-rk-terra-vita",379
1234,existing,"Істiлайк 334 в.р.","Терра Віта","4*5л","5 л","Гербiциди",28.84,24.04,26.44,USD,"Істiлайк 334 в.р.","5 л",original,"Гербіцид","istilaik-334-v-r-terra-vita",380
1235,existing,"Мадера 48 РК","Терра Віта","2*10л","10 л","Гербiциди",19.57,16.31,17.94,USD,"Мадера 48 РК","10 л",original,"Гербіцид","madera-48-rk-terra-vita",383
1236,existing,"Пандора","Терра Віта","2*10л","10 л","Гербiциди",13.04,10.87,11.96,USD,"Пандора","10 л",original,"Гербіцид","pandora-terra-vita",385
1237,existing,"Проксаніл 720","Терра Віта","1*20л","20 л","Гербiциди",8.56,7.13,7.84,USD,"Проксаніл 720","20 л",original,"Гербіцид","proksanil-720-terra-vita",386
1238,existing,"Пiонер 900 к.е.","Терра Віта","1*20л","20 л","Гербiциди",9.43,7.85,8.64,USD,"Пiонер 900 к.е.","20 л",original,"Гербіцид","pioner-900-k-e-terra-vita",384
1239,existing,"Радікс 700 КС","Терра Віта","0,1кг","0.1 кг","Гербiциди",20.58,17.15,18.86,USD,"Радікс 700 КС","0.1 кг",original,"Гербіцид","radiks-700-ks-terra-vita",387
1240,existing,"Рідер 960","Терра Віта","4*5л","5 л","Гербiциди",12.75,10.63,11.69,USD,"Рідер 960","5 л",original,"Гербіцид","rider-960-terra-vita",391
1241,existing,"Рімакс 750 ВГ","Терра Віта","0,1кг","0.1 кг","Гербiциди",55.06,45.89,50.48,USD,"Рімакс 750 ВГ","0.1 кг",original,"Гербіцид","rimaks-750-vh-terra-vita",388
1242,existing,"Рімакс Плюс","Терра Віта","0,1кг","0.1 кг","Гербiциди",137.66,114.71,126.18,USD,"Рімакс Плюс","0.1 кг",original,"Гербіцид","rimaks-plyus-terra-vita",389
1243,existing,"Рондос 750 ВГ","Терра Віта","0,15кг","0.15 кг","Гербiциди",573.67,478.06,525.87,USD,"Рондос 750 ВГ","0.15 кг",original,"Гербіцид","rondos-750-vh-terra-vita",390
1244,existing,"Салют 40МД","Терра Віта","1*20л","20 л","Гербiциди",8.69,7.25,7.98,USD,"Салют 40МД","20 л",original,"Гербіцид","salyut-40md-terra-vita",393
1245,existing,"Самум Форте в.р.","Терра Віта","1*20л","20 л","Гербiциди",8.98,7.49,8.24,USD,"Самум Форте в.р.","20 л",original,"Гербіцид","samum-forte-v-r-terra-vita",392
1246,existing,"Старгезан 500 к.с.","Терра Віта","1*20","20 л","Гербiциди",8.11,6.76,7.44,USD,"Старгезан 500 к.с.","20 л",original,"Гербіцид","starhezan-500-k-s-terra-vita",394
1247,existing,"Тесон 417 СЭ","Терра Віта","2*10л","10 л","Гербiциди",7.69,6.41,7.05,USD,"Тесон 417 СЭ","10 л",original,"Гербіцид","teson-417-se-terra-vita",396
1248,existing,"Топланц 240 к.е","Терра Віта","1л","1 л","Гербiциди",15.94,13.28,14.61,USD,"Топланц 240 к.е","1 л",original,"Гербіцид","toplants-240-k-e-terra-vita",397
1286,existing,"Вензар 80 з.п.","ФМС","4*5л","5 л","Гербiциди",49.35,41.12,45.23,USD,"Вензар 80 з.п.","5 л",original,"Гербіцид","venzar-80-z-p-fms",215
1291,existing,"Комманд","ФМС","4*5л","5 л","Гербiциди",35.08,29.23,32.15,USD,"Комманд","5 л",original,"Гербіцид","kommand-fms",236
1292,existing,"Нікіт","ФМС","10*1л","1 л","Гербiциди",78.08,65.06,71.57,USD,"Нікіт","1 л",original,"Гербіцид","nikit-fms",241
1293,existing,"Саксессор","ФМС","10л","10 л","Гербiциди",24.02,20.02,22.02,USD,"Саксессор","10 л",original,"Гербіцид","saksessor-fms",243
1296,existing,"Фаместра","ФМС","0,25кг","0.25 кг","Гербiциди",255,212.5,233.75,USD,"Фаместра","0.25 кг",original,"Гербіцид","famestra-fms",250
1339,existing,"Раундап Макс","Байер","20л","20 л","Гербiциди",8.32,6.94,7.63,USD,"Раундап Макс","20 л",original,"Гербіцид","raundap-maks-monsanto",497
1349,existing,"Еверест (комплект)","UPL","0,5 кг","0.5 кг","Гербіциди",422.14,351.79,386.97,USD,"Еверест (комплект)","0.5 кг",original,"Гербіцид","everest-komplekt-upl",200
1350,existing,"Еволюшн (комплект)","UPL","1  л + 2 л","1  л + 2 л","Гербіциди",42.64,35.53,39.08,USD,"Еволюшн (комплект)","1л+2л",original,"Гербіцид","evolyushn-komplekt-upl",201
1351,existing,"Квікфос, ТБ","UPL","1 кг","1 кг","Фуміганти",17.25,14.38,15.82,USD,"Квікфос, ТБ","1 кг",original,"Гербіцид","kvikfos-tb-upl",202
1352,existing,"Пантера","UPL","5 л","5 л","Гербіциди",15.46,12.88,14.17,USD,"Пантера","5 л",original,"Гербіцид","pantera-upl",206
1353,existing,"Пропоніт","UPL","20 л","20 л","Гербіциди",11.04,9.2,10.12,USD,"Пропоніт","20 л",original,"Гербіцид","proponit-upl",207
1354,new-sku,"Апріорі ВГ+Адгейзі (1:6)","Адама","1кг+5л","1кг+5л","Гербiциди",147.55,122.96,135.26,USD,"","",,"","",19
1355,new-packaging,"Мiстраль ВГ","Адама","4*5кг","5 кг","Гербiциди",29.5,24.59,27.05,USD,"Мiстраль ВГ","1 кг",original,"Гербіцид","mistral-vh-adama",32
1356,new-packaging,"Пендiган KC","Адама","2*10л","10 л","Гербiциди",12.05,10.04,11.04,USD,"Пендiган KC","1 л",original,"Гербіцид","pendihan-kc-adama",36
1357,new-packaging,"Султан КС","Адама","4*5л","5 л","Гербiциди",24.62,20.52,22.57,USD,"Султан КС","1 л",original,"Гербіцид","sultan-ks-adama",40
1358,new-packaging,"Тiтус","Кортева","10*500гр","10*500гр","Гербiциди",619.2,516,567.6,USD,"Тiтус","500гр",original,"Гербіцид","titus-korteva",174
1359,new-packaging,"Тiтус Екстра","Кортева","10*250гр","10*250гр","Гербiциди",302.69,252.24,277.46,USD,"Тiтус Екстра","250гр",original,"Гербіцид","titus-ekstra-korteva",175
1360,new-sku,"Селект","UPL","5 л","5 л","Гербіциди",23.18,19.32,21.25,USD,"","",,"","",209
1361,new-packaging,"Експрес 75 в.г","ФМС","10*500гр","10*500гр","Гербiциди",234.24,195.2,214.72,USD,"Експрес 75 в.г","500гр",original,"Гербіцид","ekspres-75-v-h-fms",225
1362,new-packaging,"Експрес Голд","ФМС","10*350гр","10*350гр","Гербiциди",216.88,180.73,198.8,USD,"Експрес Голд","350гр",original,"Гербіцид","ekspres-hold-fms",226
1363,new-packaging,"Еллай супер","ФМС","10*150гр","10*150гр","Гербiциди",462.18,385.15,423.67,USD,"Еллай супер","150гр",original,"Гербіцид","ellai-super-fms",227
1364,new-packaging,"Карiбу 50% з.п","ФМС","10*600гр","10*600гр","Гербiциди",478.63,398.86,438.75,USD,"Карiбу 50% з.п","600гр",original,"Гербіцид","karibu-50-z-p-fms",233
1365,new-packaging (fuzzy),"Сальса 75","ФМС","0,25кг","0.25 кг","Гербiциди",672.7,560.58,616.64,USD,"Сальса","0,25 кг",original,"Гербіцид","salsa-korteva",246
1366,new-packaging,"Хармонi","ФМС","10*100гр","10*100гр","Гербiциди",436.46,363.72,400.09,USD,"Хармонi","100гр",original,"Гербіцид","kharmoni-fms",252
1367,new-packaging,"Дуал голд 960","Сингента","4*5л","5 л","Гербiциди",16.69,13.91,15.3,USD,"Дуал Голд 960 EC","20 л",original,"Гербіцид","dual-hold-960-ec-synhenta",338
1368,new-packaging,"ПIК 75WG","Сингента","20*100гр","20*100гр","Гербiциди",735.31,612.76,674.04,USD,"ПIК 75WG","100гр",original,"Гербіцид","pik-75wg-synhenta",347
1369,new-sku,"Прiма Форте","Сингента","4*5л","5 л","Гербiциди",18,15,16.5,USD,"","",,"","",348
1370,new-packaging,"Бороплюс","Сингента","2*10л","10 л","Мікродобриво",9.33,7.78,8.56,USD,"Бороплюс","1 л",original,"Гербіцид","boroplyus-synhenta",363
1371,new-packaging (fuzzy),"Астрал Комбі","Нуфарм","40гр+100г/л","40гр+100г/л","Гербiциди",272.71,227.26,249.99,USD,"Астрал","5 л",original,"Гербіцид","astral-nufarm",421
1372,new-sku,"Бромцид","Нуфарм","4*5л","5 л","Гербiциди",29.38,24.48,26.93,USD,"","",,"","",422
1373,new-packaging,"Еквінокс, КС","Нуфарм","12*1л","1 л","Гербiциди",11.43,9.53,10.48,USD,"Еквінокс, КС","5 л",original,"Гербіцид","ekvinoks-ks-nufarm",428
1374,new-packaging,"Амалгерон Ессенс, РК","Самміт-Агро","10*1 флакон","10*1 флакон","Біопродукт",16.85,14.04,15.44,USD,"Амалгерон Ессенс, РК","1флакон",original,"Гербіцид","amalheron-essens-rk-sammit-agro",544
1375,new-packaging,"Амалгерон Ессенс, РК","Самміт-Агро","15л","15 л","Біопродукт",14.77,12.31,13.54,USD,"Амалгерон Ессенс, РК","1флакон",original,"Гербіцид","amalheron-essens-rk-sammit-agro",545
1376,new-sku,"Енцера, ВГ","Самміт-Агро","16*200гр","16*200гр","Біопродукт",2157.41,1797.84,1977.62,USD,"","",,"","",548
1377,new-sku,"Енцера, ВГ","Самміт-Агро","10*50гр","10*50гр","Біопродукт",2161.73,1801.44,1981.58,USD,"","",,"","",549
2001,existing,"Бампер супер KE","Адама","4*5л","5 л","Фунгiцид",20.92,17.43,19.17,USD,"Бампер супер KE","5 л",original,"Фунгіцид","bamper-super-ke-adama",59
2002,existing,"Бампер KE","Адама","12*1л","1 л","Фунгiцид",17.88,14.9,16.39,USD,"Бампер KE","1 л",original,"Фунгіцид","bamper-ke-adama",58
2003,existing,"Банджо КС","Адама","12*1л","1 л","Фунгiцид",99.83,83.19,91.51,USD,"Банджо КС","1 л",original,"Фунгіцид","bandzho-ks-adama",60
2004,existing,"Банджо Форте КС","Адама","4*5л","5 л","Фунгiцид",44.19,36.82,40.5,USD,"Банджо Форте КС","5 л",original,"Фунгіцид","bandzho-forte-ks-adama",61
2005,existing,"Бенелус КЕ","Адама","12*1л","1 л","Фунгiцид",36.51,30.43,33.47,USD,"Бенелус КЕ","1 л",original,"Фунгіцид","benelus-ke-adama",62
2006,existing,"Кустодія КС","Адама","4*1л","1 л","Фунгiцид",28.95,24.13,26.54,USD,"Кустодія КС","1 л",original,"Фунгіцид","kustodiya-ks-adama",64
2007,existing,"Лiндер KC","Адама","4*5л","5 л","Фунгiцид",33.53,27.95,30.75,USD,"Лiндер KC","5 л",original,"Фунгіцид","linder-kc-adama",66
2008,existing,"Максентіс КС","Адама","5л","5 л","Фунгiцид",38.34,31.95,35.15,USD,"Максентіс КС","5 л",original,"Фунгіцид","maksentis-ks-adama",70
2009,existing,"Меганік КЕ","Адама","5л","5 л","Фунгiцид",39.87,33.22,36.54,USD,"Меганік КЕ","5 л",original,"Фунгіцид","mehanik-ke-adama",69
2010,existing,"Мерпан Платинум ВГ","Адама","1кг","1 кг","Фунгiцид",16.96,14.13,15.54,USD,"Мерпан Платинум ВГ","1 кг",original,"Фунгіцид","merpan-platynum-vh-adama",67
2011,existing,"Орiус EB","Адама","4*5л","5 л","Фунгiцид",14.09,11.74,12.91,USD,"Орiус EB","5 л",original,"Фунгіцид","orius-eb-adama",71
2012,existing,"Супрiм EB","Адама","4*5л","5 л","Фунгiцид",20.87,17.39,19.13,USD,"Супрiм EB","5 л",original,"Фунгіцид","suprim-eb-adama",72
2013,existing,"Сфiнкс Eкстра  ВГ","Адама","1кг","1 кг","Фунгiцид",22.49,18.75,20.63,USD,"Сфiнкс Eкстра  ВГ","1 кг",original,"Фунгіцид","sfinks-ekstra-vh-adama",73
2014,existing,"Фольпан Голд WG","Адама","1кг","1 кг","Фунгiцид",23.25,19.38,21.32,USD,"Фольпан Голд WG","1 кг",original,"Фунгіцид","folpan-hold-wg-adama",75
2015,existing,"Фольпан WG","Адама","4*5 кг","5 кг","Фунгiцид",17.53,14.61,16.07,USD,"Фольпан WG","5 кг",original,"Фунгіцид","folpan-wg-adama",77
2016,existing,"Авiатор ХPRO 225 ЕС, КЕ","Байер","4*5л","5 л","Фунгiцид",60.96,50.8,55.88,USD,"Авiатор ХPRO 225 ЕС, КЕ","5 л",original,"Фунгіцид","aviator-khpro-225-es-ke-baier",509
2017,existing,"Альєтт 80 WP, ЗП","Байер","10*1кг","1 кг","Фунгiцид",30.12,25.1,27.61,USD,"Альєтт 80 WP, ЗП","1 кг",original,"Фунгіцид","alyett-80-wp-zp-baier",510
2018,existing,"Антракол 70 WG, ВГ","Байер","1*10кг","10 кг","Фунгiцид",19.96,16.63,18.29,USD,"Антракол 70 WG, ВГ","10 кг",original,"Фунгіцид","antrakol-70-wg-vh-baier",511
2019,existing,"Деларо Форте 280 ЕС","Байер","4*5л","5 л","Фунгiцид",34.55,28.79,31.67,USD,"Деларо Форте 280 ЕС","5 л",original,"Фунгіцид","delaro-forte-280-es-baier",467
2020,existing,"Інпут Класік","Байер","4*5л","5 л","Фунгiцид",36.94,30.78,33.86,USD,"Інпут Класік","5 л",original,"Фунгіцид","input-klasik-baier",512
2021,existing,"Інфiнiто 61SC, 687,5, КС","Байер","4*5л","5 л","Фунгiцид",37.05,30.88,33.97,USD,"Інфiнiто 61SC, 687,5, КС","5 л",original,"Фунгіцид","infinito-61sc-687-5-ks-baier",513
2022,existing,"Камбаліо Прайм 20","Байер","5л","5 л","Фунгiцид",31.8,26.5,29.15,USD,"Камбаліо Прайм 20","5 л",original,"Фунгіцид","kambalio-praim-20-baier",470
2023,existing,"Камбаліо Смарт 230","Байер","5л","5 л","Фунгiцид",129.2,107.66,118.43,USD,"Камбаліо Смарт 230","5 л",original,"Фунгіцид","kambalio-smart-230-baier",471
2024,existing,"Каюніс32 5ЕС","Байер","5л","5 л","Фунгiцид",51.15,42.62,46.88,USD,"Каюніс32 5ЕС","5 л",original,"Фунгіцид","kayunis32-5es-baier",472
2025,existing,"Луна  Сенсейшн 500 SC, КС","Байер","12*1л","1 л","Фунгiцид",179.4,149.5,164.45,USD,"Луна  Сенсейшн 500 SC, КС","1 л",original,"Фунгіцид","luna-senseishn-500-sc-ks-baier",514
2026,existing,"Луна Кер 71,6 WG, ВГ","Байер","10*1кг","1 кг","Фунгiцид",37.77,31.48,34.63,USD,"Луна Кер 71,6 WG, ВГ","1 кг",original,"Фунгіцид","luna-ker-71-6-wg-vh-baier",515
2027,existing,"Луна Экспiрiенс 400 SC, КС","Байер","12*1л","1 л","Фунгiцид",123.22,102.68,112.95,USD,"Луна Экспiрiенс 400 SC, КС","1 л",original,"Фунгіцид","luna-ekspiriens-400-sc-ks-baier",516
2028,existing,"Медiсон 263SC, КС","Байер","4*5л","5 л","Фунгiцид",36.94,30.78,33.86,USD,"Медiсон 263SC, КС","5 л",original,"Фунгіцид","medison-263sc-ks-baier",484
2029,existing,"Натiво 75 WG, ВГ","Байер","4*2кг","2 кг","Фунгiцид",123.47,102.89,113.18,USD,"Натiво 75 WG, ВГ","2 кг",original,"Фунгіцид","nativo-75-wg-vh-baier",491
2030,existing,"Превiкур Енерджі 840SL, РК","Байер","4*5л","5 л","Фунгiцид",45.3,37.75,41.53,USD,"Превiкур Енерджі 840SL, РК","5 л",original,"Фунгіцид","previkur-enerdzhi-840sl-rk-baier",493
2031,existing,"Пропульс 250SE, СЕ","Байер","4*5л","5 л","Фунгiцид",60.36,50.3,55.33,USD,"Пропульс 250SE, СЕ","5 л",original,"Фунгіцид","propuls-250se-se-baier",494
2032,existing,"Серенада ACO SC, КС","Байер","2*10л","10 л","Фунгiцид",14.82,12.35,13.59,USD,"Серенада ACO SC, КС","10 л",original,"Фунгіцид","serenada-aco-sc-ks-baier",499
2033,existing,"Скала 400SC, КС","Байер","4*3л","3 л","Фунгiцид",37.05,30.88,33.97,USD,"Скала 400SC, КС","3 л",original,"Фунгіцид","skala-400sc-ks-baier",502
2034,existing,"Солiгор 425 EC, КЕ","Байер","4*5л","5 л","Фунгiцид",29.76,24.8,27.28,USD,"Солiгор 425 EC, КЕ","5 л",original,"Фунгіцид","solihor-425-ec-ke-baier",503
2035,existing,"Тельдор 50WG, ВГ","Байер","4*5кг","5 кг","Фунгiцид",94.54,78.78,86.66,USD,"Тельдор 50WG, ВГ","5 кг",original,"Фунгіцид","teldor-50wg-vh-baier",505
2036,existing,"Тiлмор 240 ЕС, КЕ","Байер","4*5л","5 л","Фунгiцид",32.52,27.1,29.81,USD,"Тiлмор 240 ЕС, КЕ","5 л",original,"Фунгіцид","tilmor-240-es-ke-baier",504
2037,existing (fuzzy),"Фалькон 460ЕС, КЕ","Байер","4*5л","5 л","Фунгiцид",35.27,29.39,32.33,USD,"Фалькон 460 EC","5 л",original,"Фунгіцид","falkon-460-ec-baier",517
2038,existing,"Фанданго 200ЕС, ке","Байер","4*5л","5 л","Фунгiцид",78.88,65.74,72.31,USD,"Фанданго 200ЕС, ке","5 л",original,"Фунгіцид","fandanho-200es-ke-baier",518
2039,existing,"Флiнт 50, КС","Байер","0,5л","0.5 л","Фунгiцид",238.56,198.8,218.68,USD,"Флiнт 50, КС","0.5 л",original,"Фунгіцид","flint-50-ks-baier",520
2040,existing,"Фокс 325SC, КС","Байер","4*5л","5 л","Фунгiцид",57.01,47.51,52.26,USD,"Фокс 325SC, КС","5 л",original,"Фунгіцид","foks-325sc-ks-baier",521
2041,existing,"Фолiкур 250EW, ЕВ","Байер","4*5л","5 л","Фунгiцид",25.82,21.52,23.67,USD,"Фолiкур 250EW, ЕВ","5 л",original,"Фунгіцид","folikur-250ew-ev-baier",522
2042,existing,"Абакус","Басф","2*10л","10 л","Фунгiцид",18.84,15.7,17.27,USD,"Абакус","10 л",original,"Фунгіцид","abakus-basf",105
2044,existing,"Акріс, СЕ","Басф","2*10л","10 л","Фунгiцид",23.26,19.38,21.32,USD,"Акріс, СЕ","10 л",original,"Фунгіцид","akris-se-basf",107
2045,existing,"Акробат МЦ","Басф","10*1кг","1 кг","Фунгiцид",19.67,16.39,18.03,USD,"Акробат МЦ","1 кг",original,"Фунгіцид","akrobat-mts-basf",108
2046,existing,"Альтерно","Басф","4*5л","5 л","Фунгiцид",49.93,41.61,45.77,USD,"Альтерно","5 л",original,"Фунгіцид","alterno-basf",109
2047,existing,"Архітект, СЕ","Басф","2*10л","10 л","Фунгiцид",30.48,25.4,27.94,USD,"Архітект, СЕ","10 л",original,"Фунгіцид","arkhitekt-se-basf",110
2048,existing,"Белліс, ВГ","Басф","10*1кг","1 кг","Фунгiцид",67.96,56.63,62.29,USD,"Белліс, ВГ","1 кг",original,"Фунгіцид","bellis-vh-basf",129
2049,existing,"Даксур, КС","Басф","4*5л","5 л","Фунгiцид",33.07,27.56,30.32,USD,"Даксур, КС","5 л",original,"Фунгіцид","daksur-ks-basf",111
2050,existing,"Делан","Басф","10*1кг","1 кг","Фунгiцид",69.61,58.01,63.81,USD,"Делан","1 кг",original,"Фунгіцид","delan-basf",112
2051,existing,"Кабрiо Дуо","Басф","10*1л","1 л","Фунгiцид",27.35,22.79,25.07,USD,"Кабрiо Дуо","1 л",original,"Фунгіцид","kabrio-duo-basf",113
2052,existing (fuzzy),"Капало Про","Басф","4*5л","5 л","Фунгiцид",41.68,34.73,38.2,USD,"Капало","5 л",original,"Фунгіцид","kapalo-basf",114
2054,existing,"Колліс","Басф","10*1л","1 л","Фунгiцид",51.67,43.06,47.37,USD,"Колліс","1 л",original,"Фунгіцид","kollis-basf",130
2055,existing,"Кумулюс ДФ","Басф","20кг","20 кг","Фунгiцид",3.01,2.51,2.76,USD,"Кумулюс ДФ","20 кг",original,"Фунгіцид","kumulyus-df-basf",94
2056,existing,"Малахiт","Басф","4*5л","5 л","Фунгiцид",49.48,41.23,45.35,USD,"Малахiт","5 л",original,"Фунгіцид","malakhit-basf",115
2057,existing,"Орвего,кс","Басф","10*1л","1 л","Фунгiцид",49.15,40.96,45.06,USD,"Орвего,кс","1 л",original,"Фунгіцид","orveho-ks-basf",116
2058,existing,"Осiрiс Про, КЕ","Басф","2*10л","10 л","Фунгiцид",28.57,23.81,26.19,USD,"Осiрiс Про, КЕ","10 л",original,"Фунгіцид","osiris-pro-ke-basf",117
2059,existing,"Полiрам ДФ","Басф","1*10кг","10 кг","Фунгiцид",14.51,12.09,13.3,USD,"Полiрам ДФ","10 кг",original,"Фунгіцид","poliram-df-basf",120
2060,existing,"Пріаксор","Басф","4*5л","5 л","Фунгiцид",57.96,48.3,53.13,USD,"Пріаксор","5 л",original,"Фунгіцид","priaksor-basf",131
2061,existing,"Пiктор ТОП, КС","Басф","4*5л","5 л","Фунгiцид",49.38,41.15,45.27,USD,"Пiктор ТОП, КС","5 л",original,"Фунгіцид","piktor-top-ks-basf",119
2062,existing,"Пiктор, КС","Басф","4*5л","5 л","Фунгiцид",91.18,75.98,83.58,USD,"Пiктор, КС","5 л",original,"Фунгіцид","piktor-ks-basf",118
2063,existing,"Ревікер, КЕ","Басф","10л","10 л","Фунгiцид",40.34,33.62,36.98,USD,"Ревікер, КЕ","10 л",original,"Фунгіцид","reviker-ke-basf",132
2064,existing,"Ревіона","Басф","1л","1 л","Фунгiцид",21.4,17.83,19.61,USD,"Ревіона","1 л",original,"Фунгіцид","reviona-basf",133
2065,existing,"Рекс Дуо, КС","Басф","2*10л","10 л","Фунгiцид",32.28,26.9,29.59,USD,"Рекс Дуо, КС","10 л",original,"Фунгіцид","reks-duo-ks-basf",121
2066,existing,"Рекс Плюс, СЕ","Басф","2*10л","10 л","Фунгiцид",20.03,16.69,18.36,USD,"Рекс Плюс, СЕ","10 л",original,"Фунгіцид","reks-plyus-se-basf",122
2067,existing,"Рекс Про, СЕ","Басф","4*5л","5 л","Фунгiцид",33.37,27.81,30.59,USD,"Рекс Про, СЕ","5 л",original,"Фунгіцид","reks-pro-se-basf",123
2068,existing,"Серкадіс","Басф","12*1л","1 л","Фунгiцид",132.24,110.2,121.22,USD,"Серкадіс","1 л",original,"Фунгіцид","serkadis-basf",125
2069,existing,"Серкадіс Плюс","Басф","2*10л","10 л","Фунгiцид",52.96,44.13,48.54,USD,"Серкадіс Плюс","10 л",original,"Фунгіцид","serkadis-plyus-basf",126
2071,existing,"Сiгнум","Басф","10*1кг","1 кг","Фунгiцид",73.48,61.23,67.35,USD,"Сiгнум","1 кг",original,"Фунгіцид","sihnum-basf",124
2072,existing,"Флексiтi","Басф","10*1л","1 л","Фунгiцид",72.53,60.44,66.48,USD,"Флексiтi","1 л",original,"Фунгіцид","fleksiti-basf",128
2073,existing,"Абсолют","Дефенда","4*5л","5 л","Фунгiцид",6.95,5.79,6.37,USD,"Абсолют","5 л",original,"Фунгіцид","absolyut-defenda",603
2074,existing,"Дот","Дефенда","4*5л","5 л","Фунгiцид",14.4,12,13.2,USD,"Дот","5 л",original,"Фунгіцид","dot-defenda",623
2075,existing,"Камзол","Дефенда","4*5л","5 л","Фунгiцид",22.8,19,20.9,USD,"Камзол","5 л",original,"Фунгіцид","kamzol-defenda",631
2076,existing,"Камзол Турбо","Дефенда","4*5л","5 л","Фунгiцид",28,23.33,25.66,USD,"Камзол Турбо","5 л",original,"Фунгіцид","kamzol-turbo-defenda",632
2077,existing,"Кітч","Дефенда","4*5л","5 л","Фунгiцид",75,62.5,68.75,USD,"Кітч","5 л",original,"Фунгіцид","kitch-defenda",633
2078,existing,"Меценат","Дефенда","4*5л","5 л","Фунгiцид",9.5,7.92,8.71,USD,"Меценат","5 л",original,"Фунгіцид","metsenat-defenda",641
2079,existing,"Парацельс","Дефенда","4*5л","5 л","Фунгiцид",11.5,9.58,10.54,USD,"Парацельс","5 л",original,"Фунгіцид","paratsels-defenda",650
2080,existing,"Пегас","Дефенда","4*5л","5 л","Фунгiцид",11.4,9.5,10.45,USD,"Пегас","5 л",original,"Фунгіцид","pehas-defenda",651
2081,existing,"Сальто","Дефенда","4*5л","5 л","Фунгiцид",9,7.5,8.25,USD,"Сальто","5 л",original,"Фунгіцид","salto-defenda",659
2082,existing,"Спліт","Дефенда","4*5л","5 л","Фунгiцид",19,15.83,17.41,USD,"Спліт","5 л",original,"Фунгіцид","split-defenda",664
2083,existing,"Спліт Дуо","Дефенда","4*5л","5 л","Фунгiцид",15.5,12.92,14.21,USD,"Спліт Дуо","5 л",original,"Фунгіцид","split-duo-defenda",665
2084,existing,"Старк","Дефенда","4*5л","5 л","Фунгiцид",13.2,11,12.1,USD,"Старк","5 л",original,"Фунгіцид","stark-defenda",666
2085,existing,"Талер","Дефенда","4*5л","5 л","Фунгiцид",8.8,7.33,8.06,USD,"Талер","5 л",original,"Фунгіцид","taler-defenda",670
2086,existing,"Ультралін","Дефенда","20*1кг","1 кг","Фунгiцид",26.8,22.33,24.56,USD,"Ультралін","1 кг",original,"Фунгіцид","ultralin-defenda",674
2087,existing (fuzzy),"Аканто плюс 28 SC","Кортева","4*5л","5 л","Фунгiцид",43.92,36.6,40.26,USD,"Аканто Плюс","5 л",original,"Фунгіцид","akanto-plyus-korteva",177
2088,existing,"Вербен, КЕ","Кортева","4*5л","5 л","Фунгiцид",47,39.17,43.09,USD,"Вербен, КЕ","5 л",original,"Фунгіцид","verben-ke-korteva",179
2089,existing,"Віован, КЕ","Кортева","4*5л","5 л","Фунгiцид",45.53,37.94,41.73,USD,"Віован, КЕ","5 л",original,"Фунгіцид","viovan-ke-korteva",180
2090,existing,"Дітан М-45","Кортева","25кг","25 кг","Фунгiцид",11.52,9.6,10.56,USD,"Дітан М-45","25 кг",original,"Фунгіцид","ditan-m-45-korteva",181
2091,existing,"Зорвекс Вінабрія","Кортева","12*1л","1 л","Фунгiцид",28.08,23.4,25.74,USD,"Зорвекс Вінабрія","1 л",original,"Фунгіцид","zorveks-vinabriya-korteva",182
2092,existing,"Зорвекс Інкантія","Кортева","12*1л","1 л","Фунгiцид",105.74,88.12,96.93,USD,"Зорвекс Інкантія","1 л",original,"Фунгіцид","zorveks-inkantiya-korteva",183
2093,existing,"Косайд 2000 в.г.","Кортева","5кг","5 кг","Фунгiцид",17.42,14.52,15.97,USD,"Косайд 2000 в.г.","5 кг",original,"Фунгіцид","kosaid-2000-v-h-korteva",184
2094,existing,"Курзат Р 44","Кортева","10*1кг","1 кг","Фунгiцид",19.44,16.2,17.82,USD,"Курзат Р 44","1 кг",original,"Фунгіцид","kurzat-r-44-korteva",185
2095,existing,"Талендо","Кортева","10*1л","1 л","Фунгiцид",91.53,76.27,83.9,USD,"Талендо","1 л",original,"Фунгіцид","talendo-korteva",187
2096,existing,"Талiус","Кортева","10*1л","1 л","Фунгiцид",81.49,67.91,74.7,USD,"Талiус","1 л",original,"Фунгіцид","talius-korteva",186
2097,existing,"Танос 50вг","Кортева","4*2кг","2 кг","Фунгiцид",59.03,49.19,54.11,USD,"Танос 50вг","2 кг",original,"Фунгіцид","tanos-50vh-korteva",188
2116,existing,"Айріс, КЕ","Нуфарм","4*5л","5 л","Фунгiцид",11.07,9.23,10.15,USD,"Айріс, КЕ","5 л",original,"Фунгіцид","airis-ke-nufarm",452
2117,existing,"Джоуст Про","Нуфарм","4*5л","5 л","Фунгiцид",38.29,31.91,35.1,USD,"Джоуст Про","5 л",original,"Фунгіцид","dzhoust-pro-nufarm",424
2118,existing,"Купроксат","Нуфарм","2*10л","10 л","Фунгiцид",12.95,10.79,11.87,USD,"Купроксат","10 л",original,"Фунгіцид","kuproksat-nufarm",453
2119,existing,"Орбiт","Нуфарм","4*5л","5 л","Фунгiцид",16.46,13.72,15.09,USD,"Орбiт","5 л",original,"Фунгіцид","orbit-nufarm",454
2120,existing,"Орбiт Комбі","Нуфарм","комбіпак","комбіпак","Фунгiцид",489.15,407.63,448.39,USD,"Орбiт Комбі","комбіпак",original,"Фунгіцид","orbit-kombi-nufarm",455
2121,existing,"Протеб, КЕ","Нуфарм","4*5л","5 л","Фунгiцид",26.21,21.84,24.02,USD,"Протеб, КЕ","5 л",original,"Фунгіцид","proteb-ke-nufarm",451
2122,existing,"Сієста Екстра","Нуфарм","4*5л","5 л","Фунгiцид",32.18,26.82,29.5,USD,"Сієста Екстра","5 л",original,"Фунгіцид","siyesta-ekstra-nufarm",456
2123,existing,"Тейзер","Нуфарм","2*10л","10 л","Фунгiцид",33.11,27.59,30.35,USD,"Тейзер","10 л",original,"Фунгіцид","teizer-nufarm",457
2124,existing,"Чемп Ультра DP","Нуфарм","10кг","10 кг","Фунгiцид",18,15,16.5,USD,"Чемп Ультра DP","10 кг",original,"Фунгіцид","chemp-ultra-dp-nufarm",460
2125,existing,"Чемпiон, ВГ","Нуфарм","10кг","10 кг","Фунгiцид",21.31,17.76,19.54,USD,"Чемпiон, ВГ","10 кг",original,"Фунгіцид","chempion-vh-nufarm",462
2126,existing,"Чемпiон, ЗП","Нуфарм","10кг","10 кг","Фунгiцид",20.49,17.08,18.79,USD,"Чемпiон, ЗП","10 кг",original,"Фунгіцид","chempion-zp-nufarm",461
2127,existing,"Артемікс, КС","Самміт-Агро","2*10л","10 л","Фунгiцид",17.24,14.36,15.8,USD,"Артемікс, КС","10 л",original,"Фунгіцид","artemiks-ks-sammit-agro",578
2128,existing,"Глорі, ВГ","Самміт-Агро","15кг","15 кг","Фунгiцид",15.16,12.64,13.9,USD,"Глорі, ВГ","15 кг",original,"Фунгіцид","hlori-vh-sammit-agro",580
2129,existing,"Зепан, КС","Самміт-Агро","4*5л","5 л","Фунгiцид",41.47,34.56,38.02,USD,"Зепан, КС","5 л",original,"Фунгіцид","zepan-ks-sammit-agro",581
2130,existing,"Ікарус Турбо 430 ЕВ","Самміт-Агро","4*5л","5 л","Фунгiцид",19.83,16.52,18.17,USD,"Ікарус Турбо 430 ЕВ","5 л",original,"Фунгіцид","ikarus-turbo-430-ev-sammit-agro",582
2131,existing,"Каллатіс 280SC, КС","Самміт-Агро","4*5л","5 л","Фунгiцид",32.01,26.68,29.35,USD,"Каллатіс 280SC, КС","5 л",original,"Фунгіцид","kallatis-280sc-ks-sammit-agro",583
2132,existing,"Кармеліс, КС","Самміт-Агро","2*10л","10 л","Фунгiцид",31.75,26.46,29.11,USD,"Кармеліс, КС","10 л",original,"Фунгіцид","karmelis-ks-sammit-agro",584
2134,existing,"Медян Eкстра 350 SC","Самміт-Агро","4*5л","5 л","Фунгiцид",15.1,12.58,13.84,USD,"Медян Eкстра 350 SC","5 л",original,"Фунгіцид","medyan-ekstra-350-sc-sammit-agro",589
2135,existing,"Мігіва, КС","Самміт-Агро","0,5 пляш","0,5 пляш","Фунгiцид",479.52,399.6,439.56,USD,"Мігіва, КС","0,5пляш",original,"Фунгіцид","mihiva-ks-sammit-agro",591
2136,existing,"Мiлдiкат 25, КС","Самміт-Агро","2*10л","10 л","Фунгiцид",14.77,12.31,13.54,USD,"Мiлдiкат 25, КС","10 л",original,"Фунгіцид","mildikat-25-ks-sammit-agro",585
2137,existing,"Наутіл, ВГ","Самміт-Агро","5кг пак","5кг пак","Фунгiцид",13.61,11.34,12.47,USD,"Наутіл, ВГ","5кгпак",original,"Фунгіцид","nautil-vh-sammit-agro",592
2138,existing,"Парад, КС","Самміт-Агро","12*1л","1 л","Фунгiцид",307.15,255.96,281.56,USD,"Парад, КС","1 л",original,"Фунгіцид","parad-ks-sammit-agro",593
2139,existing,"Ранман ТОП, КС","Самміт-Агро","12*1л","1 л","Фунгiцид",85.54,71.28,78.41,USD,"Ранман ТОП, КС","1 л",original,"Фунгіцид","ranman-top-ks-sammit-agro",594
2140,existing,"Топсин М 500, КС","Самміт-Агро","12*1л","1 л","Фунгiцид",17.3,14.42,15.86,USD,"Топсин М 500, КС","1 л",original,"Фунгіцид","topsyn-m-500-ks-sammit-agro",597
2142,existing,"Ультіма 250","Самміт-Агро","4*5л","5 л","Фунгiцид",31.49,26.24,28.86,USD,"Ультіма 250","5 л",original,"Фунгіцид","ultima-250-sammit-agro",598
2143,existing,"Хансі, КС","Самміт-Агро","4*5л","5 л","Фунгiцид",31.1,25.92,28.51,USD,"Хансі, КС","5 л",original,"Фунгіцид","khansi-ks-sammit-agro",595
2144,existing,"Ютака СЕ","Самміт-Агро","2*10л","10 л","Фунгiцид",30.72,25.6,28.16,USD,"Ютака СЕ","10 л",original,"Фунгіцид","yutaka-se-sammit-agro",599
2145,existing,"Ямато СЕ","Самміт-Агро","4*5л","5 л","Фунгiцид",20.61,17.17,18.89,USD,"Ямато СЕ","5 л",original,"Фунгіцид","yamato-se-sammit-agro",600
2147,existing,"Амiстар Екстра 280 SC","Сингента","4*5л","5 л","Фунгiцид",43.57,36.31,39.94,USD,"Амістар Екстра 280 SC","5 л",original,"Фунгіцид","amistar-ekstra-280-sc-synhenta",255
2148,existing,"Амiстар Голд 250","Сингента","4*5л","5 л","Фунгiцид",42.65,35.54,39.09,USD,"Амiстар Голд 250","5 л",original,"Фунгіцид","amistar-hold-250-synhenta",256
2149,existing,"Геокс 50WG","Сингента","10*1кг","1 кг","Фунгiцид",224.64,187.2,205.92,USD,"Геокс 50WG","1 кг",original,"Фунгіцид","heoks-50wg-synhenta",264
2150,existing,"Дінали 90 DC","Сингента","4*5л","5 л","Фунгiцид",76.92,64.1,70.51,USD,"Дінали 90 DC","5 л",original,"Фунгіцид","dinaly-90-dc-synhenta",261
2151,existing,"Елатус РІА","Сингента","4*5л","5 л","Фунгiцид",64.22,53.52,58.87,USD,"Елатус РІА","5 л",original,"Фунгіцид","elatus-ria-synhenta",262
2152,existing,"Ізабiон","Сингента","4*5л","5 л","Фунгiцид",22.1,18.42,20.26,USD,"Ізабiон","5 л",original,"Фунгіцид","izabion-synhenta",263
2153,existing,"Квадрис 250 SC кс","Сингента","12*1л","1 л","Фунгiцид",88.23,73.52,80.87,USD,"Квадрис 250 SC кс","1 л",original,"Фунгіцид","kvadrys-250-sc-ks-synhenta",275
2154,existing,"Квадрис Топ 325 SC","Сингента","4*5л","5 л","Фунгiцид",74.32,61.93,68.12,USD,"Квадрис Топ 325 SC","5 л",original,"Фунгіцид","kvadrys-top-325-sc-synhenta",276
2155,existing,"Квантіс SL","Сингента","2*10л","10 л","Фунгiцид",8.77,7.31,8.04,USD,"Квантіс SL","10 л",original,"Фунгіцид","kvantis-sl-synhenta",277
2156,existing,"Магнелло 350","Сингента","4*5л","5 л","Фунгiцид",42.55,35.46,39.01,USD,"Магнелло 350","5 л",original,"Фунгіцид","mahnello-350-synhenta",265
2157,existing,"Міравіс 200 SС","Сингента","4*5л","5 л","Фунгiцид",165.6,138,151.8,USD,"Міравіс 200 SС","5 л",original,"Фунгіцид","miravis-200-ss-synhenta",267
2158,existing,"Міравіс АСЕ SE","Сингента","4*5л","5 л","Фунгiцид",60.84,50.7,55.77,USD,"Міравіс АСЕ SE","5 л",original,"Фунгіцид","miravis-ase-se-synhenta",268
2159,existing,"Міравіс МАХХ 325 SC","Сингента","4*5л","5 л","Фунгiцид",66.24,55.2,60.72,USD,"Міравіс МАХХ 325 SC","5 л",original,"Фунгіцид","miravis-makhkh-325-sc-synhenta",270
2160,existing,"Міравіс Нео 300 SЕ","Сингента","4*5л","5 л","Фунгiцид",64.21,53.51,58.86,USD,"Міравіс Нео 300 SЕ","5 л",original,"Фунгіцид","miravis-neo-300-se-synhenta",266
2161,existing,"Міравіс DUO SC","Сингента","4*5л","5 л","Фунгiцид",56.16,46.8,51.48,USD,"Міравіс DUO SC","5 л",original,"Фунгіцид","miravis-duo-sc-synhenta",269
2162,existing,"Міравіс PRIME 400 SC","Сингента","4*5л","5 л","Фунгiцид",141.12,117.6,129.36,USD,"Міравіс PRIME 400 SC","5 л",original,"Фунгіцид","miravis-prime-400-sc-synhenta",271
2163,existing,"Моддус 250ЕС","Сингента","4*5л","5 л","Фунгiцид",57.5,47.92,52.71,USD,"Моддус 250ЕС","5 л",original,"Фунгіцид","moddus-250es-synhenta",291
2164,existing,"Орондіс EVO 262 SC","Сингента","12*1л","1 л","Фунгiцид",65.81,54.84,60.32,USD,"Орондіс EVO 262 SC","1 л",original,"Фунгіцид","orondis-evo-262-sc-synhenta",272
2165,existing,"Орондіс ULTRA 280 SC","Сингента","4*5л","5 л","Фунгiцид",100.8,84,92.4,USD,"Орондіс ULTRA 280 SC","5 л",original,"Фунгіцид","orondis-ultra-280-sc-synhenta",273
2166,existing,"Пергадо R 27WG","Сингента","5кг","5 кг","Фунгiцид",17.38,14.48,15.93,USD,"Пергадо R 27WG","5 кг",original,"Фунгіцид","perhado-r-27wg-synhenta",274
2167,existing,"Ревус ТОП 250 SC к.с.","Сингента","4*5л","5 л","Фунгiцид",116.83,97.36,107.1,USD,"Ревус ТОП 250 SC к.с.","5 л",original,"Фунгіцид","revus-top-250-sc-k-s-synhenta",279
2168,existing,"Рекванс Флекс 430WG","Сингента","5кг","5 кг","Фунгiцид",77.04,64.2,70.62,USD,"Рекванс Флекс 430WG","5 кг",original,"Фунгіцид","rekvans-fleks-430wg-synhenta",278
2169,existing,"Ридомил голд  R WG","Сингента","5кг","5 кг","Фунгiцид",16.13,13.44,14.78,USD,"Ридомил голд  R WG","5 кг",original,"Фунгіцид","rydomyl-hold-r-wg-synhenta",281
2170,existing,"Ридомил голд MZ 68WG","Сингента","5кг","5 кг","Фунгiцид",25.17,20.98,23.08,USD,"Ридомил голд MZ 68WG","5 кг",original,"Фунгіцид","rydomyl-hold-mz-68wg-synhenta",280
2171,existing,"Сайпрес 400ЕС","Сингента","4*5л","5 л","Фунгiцид",58.32,48.6,53.46,USD,"Сайпрес 400ЕС","5 л",original,"Фунгіцид","saipres-400es-synhenta",260
2172,existing,"Свiтч 62,5 WG","Сингента","10*1кг","1 кг","Фунгiцид",178.79,148.99,163.89,USD,"Свiтч 62,5 WG","1 кг",original,"Фунгіцид","svitch-62-5-wg-synhenta",285
2173,existing,"Скор  250 ЕС","Сингента","12*1л","1 л","Фунгiцид",151.72,126.43,139.07,USD,"Скор  250 ЕС","1 л",original,"Фунгіцид","skor-250-es-synhenta",282
2174,existing,"Спірале 475 EC","Сингента","10*1кг","1 кг","Фунгiцид",33.41,27.84,30.62,USD,"Спірале 475 EC","1 кг",original,"Фунгіцид","spirale-475-ec-synhenta",284
2176,existing (fuzzy),"Тiлт Турбо 575 ЕС","Сингента","4*5л","5 л","Фунгiцид",25.92,21.6,23.76,USD,"Тілт Турбо","5 л",original,"Фунгіцид","tilt-turbo-synhenta",287
2177,existing,"Топаз 100 ЕС","Сингента","12*1л","1 л","Фунгiцид",80.04,66.7,73.37,USD,"Топаз 100 ЕС","1 л",original,"Фунгіцид","topaz-100-es-synhenta",288
2178,existing,"Тiовiт Джет 80WG","Сингента","1*20кг","20 кг","Фунгiцид",3.87,3.23,3.55,USD,"Тiовiт Джет 80WG","20 кг",original,"Фунгіцид","tiovit-dzhet-80wg-synhenta",286
2179,existing,"Хорус 75 WG","Сингента","10*1кг","1 кг","Фунгiцид",143.61,119.68,131.65,USD,"Хорус 75 WG","1 кг",original,"Фунгіцид","khorus-75-wg-synhenta",258
2180,existing,"Циделі ТОП 140 DC","Сингента","4*5л","5 л","Фунгiцид",74.48,62.06,68.27,USD,"Циделі ТОП 140 DC","5 л",original,"Фунгіцид","tsydeli-top-140-dc-synhenta",259
2181,existing,"Ширлан 500SC","Сингента","4*5л","5 л","Фунгiцид",131,109.16,120.08,USD,"Ширлан 500SC","5 л",original,"Фунгіцид","shyrlan-500sc-synhenta",283
2182,existing,"Юнiформ 446SE","Сингента","12*1л","1 л","Фунгiцид",123.09,102.58,112.84,USD,"Юнiформ 446SE","1 л",original,"Фунгіцид","yuniform-446se-synhenta",290
2183,existing,"Голдазiм 500 к.с.","Терра Віта","2*10л","10 л","Фунгiцид",8.91,7.43,8.17,USD,"Голдазiм 500 к.с.","10 л",original,"Фунгіцид","holdazim-500-k-s-terra-vita",405
2184,existing,"Спрінтер 500 КЕ","Терра Віта","2*10л","10 л","Фунгiцид",31.16,25.97,28.57,USD,"Спрінтер 500 КЕ","10 л",original,"Фунгіцид","sprinter-500-ke-terra-vita",395
2185,existing,"Сiнекура 680ке","Терра Віта","5кг","5 кг","Фунгiцид",14.78,12.32,13.55,USD,"Сiнекура 680ке","5 кг",original,"Фунгіцид","sinekura-680ke-terra-vita",406
2186,existing,"Таффiн 320 КС","Терра Віта","2*10л","10 л","Фунгiцид",29.56,24.63,27.09,USD,"Таффiн 320 КС","10 л",original,"Фунгіцид","taffin-320-ks-terra-vita",407
2187,existing,"Тебу Топ 250ке","Терра Віта","4*5л","5 л","Фунгiцид",9.43,7.85,8.64,USD,"Тебу Топ 250ке","5 л",original,"Фунгіцид","tebu-top-250ke-terra-vita",409
2188,existing,"Тебукур 250 ке","Терра Віта","4*5л","5 л","Фунгiцид",10.87,9.06,9.97,USD,"Тебукур 250 ке","5 л",original,"Фунгіцид","tebukur-250-ke-terra-vita",408
2189,existing,"Тріафер Т 300 КС","Терра Віта","4*5л","5 л","Фунгiцид",18.12,15.1,16.61,USD,"Тріафер Т 300 КС","5 л",original,"Фунгіцид","triafer-t-300-ks-terra-vita",410
2190,existing,"Фулгор 250 кс","Терра Віта","2*10л","10 л","Фунгiцид",15.94,13.28,14.61,USD,"Фулгор 250 кс","10 л",original,"Фунгіцид","fulhor-250-ks-terra-vita",411
2191,existing,"Фулгор Голд 500","Терра Віта","2*10л","10 л","Фунгiцид",20.67,17.23,18.95,USD,"Фулгор Голд 500","10 л",original,"Фунгіцид","fulhor-hold-500-terra-vita",412
2192,existing,"Харбор 320 КС","Терра Віта","4*5л","5 л","Фунгiцид",30.43,25.36,27.9,USD,"Харбор 320 КС","5 л",original,"Фунгіцид","kharbor-320-ks-terra-vita",413
2231,existing,"Імпакт 500","ФМС","10*1л","1 л","Фунгiцид",35.9,29.92,32.91,USD,"Імпакт 500","1 л",original,"Фунгіцид","impakt-500-fms",229
2232,existing,"Імпакт Т","ФМС","5л","5 л","Фунгiцид",22.98,19.15,21.07,USD,"Імпакт Т","5 л",original,"Фунгіцид","impakt-t-fms",230
2232,existing (fuzzy),"Імпакт К","ФМС","5л","5 л","Фунгiцид",23.08,19.24,21.16,USD,"Імпакт Т","5 л",original,"Фунгіцид","impakt-t-fms",231
2233,existing,"Кодасайд","ФМС","1л","1 л","Фунгiцид",7.6,6.34,6.97,USD,"Кодасайд","1 л",original,"Фунгіцид","kodasaid-fms",235
2234,existing,"Тремізія","ФМС","4*5л","5 л","Фунгiцид",66.21,55.18,60.7,USD,"Тремізія","5 л",original,"Фунгіцид","tremiziya-fms",247
2289,existing,"Блу Бордо Дисперс, в.г.","UPL","20 кг","20 кг","Фунгіциди",7.74,6.45,7.1,USD,"Блу Бордо Дисперс, в.г.","20 кг",original,"Фунгіцид","blu-bordo-dyspers-v-h-upl",196
2290,existing,"Короза, ЕВ","UPL","5 л","5 л","Фунгіциди",8.97,7.48,8.23,USD,"Короза, ЕВ","5 л",original,"Фунгіцид","koroza-ev-upl",203
2291,existing,"Малвін","UPL","10 кг","10 кг","Фунгіциди",15.22,12.68,13.95,USD,"Малвін","10 кг",original,"Фунгіцид","malvin-upl",204
2292,existing,"Мікротіол Спеціал, в.г.","UPL","25 кг","25 кг","Фунгіциди",2.83,2.36,2.6,USD,"Мікротіол Спеціал, в.г.","25 кг",original,"Фунгіцид","mikrotiol-spetsial-v-h-upl",205
2293,new-sku,"Екселеріс КС","Адама","1*10л","10 л","Фунгiцид",27.14,22.62,24.88,USD,"","",,"","",63
2294,new-packaging,"Кустодія КС","Адама","4*5л","5 л","Фунгiцид",28.03,23.36,25.7,USD,"Кустодія КС","1 л",original,"Фунгіцид","kustodiya-ks-adama",65
2295,new-packaging,"Мерпан Платинум ВГ","Адама","5кг","5 кг","Фунгiцид",15.51,12.93,14.22,USD,"Мерпан Платинум ВГ","1 кг",original,"Фунгіцид","merpan-platynum-vh-adama",68
2296,new-packaging,"Сфiнкс Eкстра  ВГ","Адама","5кг","5 кг","Фунгiцид",22.49,18.75,20.63,USD,"Сфiнкс Eкстра  ВГ","1 кг",original,"Фунгіцид","sfinks-ekstra-vh-adama",74
2297,new-packaging,"Фольпан Голд WG","Адама","4*5кг","5 кг","Фунгiцид",22.15,18.46,20.31,USD,"Фольпан Голд WG","1 кг",original,"Фунгіцид","folpan-hold-wg-adama",76
2298,new-packaging (fuzzy),"Адексар СЕ Плюс, КЕ","Басф","2*10л","10 л","Фунгiцид",45.29,37.74,41.51,USD,"Адексар Плюс","5 л",original,"Фунгіцид","adeksar-plyus-basf",106
2299,new-packaging,"Стробi","Басф","10*200гр","10*200гр","Фунгiцид",133.19,110.99,122.09,USD,"Стробi","200гр",original,"Фунгіцид","strobi-basf",127
2300,new-packaging,"Ревіона","Басф","4*5л","5 л","Фунгiцид",19.64,16.37,18.01,USD,"Ревіона","1 л",original,"Фунгіцид","reviona-basf",134
2301,new-packaging (fuzzy),"Карамба Турбо","Басф","4*5л","5 л","Регулятор росту",42.26,35.22,38.74,USD,"Карамба","10 л",original,"Фунгіцид","karamba-basf",144
2302,new-packaging,"Альто супер 330","Сингента","1*20л","20 л","Фунгiцид",44.15,36.79,40.47,USD,"Альто Супер 330 EC","5 л",original,"Фунгіцид","alto-super-330-ec-synhenta",254
2303,new-packaging,"Топаз 100 ЕС","Сингента","4*5л","5 л","Фунгiцид",79.06,65.88,72.47,USD,"Топаз 100 ЕС","1 л",original,"Фунгіцид","topaz-100-es-synhenta",289
2304,new-packaging,"Таегро WP","Сингента","10*370гр","10*370гр","Біофунгіцид",231.84,193.2,212.52,USD,"Таегро WP","370гр",original,"Фунгіцид","taehro-wp-synhenta",359
2305,new-sku,"Такаші, РК","Самміт-Агро","10л","10 л","Фунгiцид",24.62,20.52,22.57,USD,"","",,"","",573
2306,new-packaging,"Артемікс, КС","Самміт-Агро","0,5л пляш","0,5л пляш","Фунгiцид",15.16,12.64,13.9,USD,"Артемікс, КС","10 л",original,"Фунгіцид","artemiks-ks-sammit-agro",579
2307,new-packaging,"Мiлдiкат 25, КС","Самміт-Агро","0,5 пляш","0,5 пляш","Фунгiцид",16.85,14.04,15.44,USD,"Мiлдiкат 25, КС","10 л",original,"Фунгіцид","mildikat-25-ks-sammit-agro",586
2308,new-packaging,"Манзат ВГ (манкоцеб)","Самміт-Агро","10*0,5кг пляш","10*0,5кг пляш","Фунгiцид",12.44,10.37,11.41,USD,"Манзат ВГ (манкоцеб)","0,5кгпляш",original,"Фунгіцид","manzat-vh-mankotseb-sammit-agro",587
2309,new-packaging,"Манзат ВГ (манкоцеб)","Самміт-Агро","10кг","10 кг","Фунгiцид",14.13,11.77,12.95,USD,"Манзат ВГ (манкоцеб)","0,5кгпляш",original,"Фунгіцид","manzat-vh-mankotseb-sammit-agro",588
2310,new-packaging,"Медян Eкстра 350 SC","Самміт-Агро","12*1л","1 л","Фунгiцид",16.85,14.04,15.44,USD,"Медян Eкстра 350 SC","5 л",original,"Фунгіцид","medyan-ekstra-350-sc-sammit-agro",590
2311,new-packaging,"Топсiн-М 500, КС","Самміт-Агро","4*5л","5 л","Фунгiцид",16.07,13.39,14.73,USD,"Топсин М 500, КС","1 л",original,"Фунгіцид","topsyn-m-500-ks-sammit-agro",596
3001,existing,"Аполло KC","Адама","12*1л","1 л","Iнсектицид",57.55,47.96,52.76,USD,"Аполло KC","1 л",original,"Інсектицид","apollo-kc-adama",5
3002,existing,"Аркеро КС","Адама","12*1л","1 л","Iнсектицид",78.94,65.78,72.36,USD,"Аркеро КС","1 л",original,"Інсектицид","arkero-ks-adama",7
3003,existing,"Галіл КС","Адама","4*5л","5 л","Iнсектицид",30,25,27.5,USD,"Галіл КС","5 л",original,"Інсектицид","halil-ks-adama",8
3004,existing,"Інверт КЕ","Адама","12*1л","1 л","Iнсектицид",50.67,42.23,46.45,USD,"Інверт КЕ","1 л",original,"Інсектицид","invert-ke-adama",9
3005,existing,"Корморан КЕ","Адама","12*1л","1 л","Iнсектицид",50.36,41.96,46.16,USD,"Корморан КЕ","1 л",original,"Інсектицид","kormoran-ke-adama",10
3006,existing,"Ламдекс CK","Адама","12*1л","1 л","Iнсектицид",14.95,12.45,13.7,USD,"Ламдекс CK","1 л",original,"Інсектицид","lamdeks-ck-adama",11
3007,existing,"Маврiк EB","Адама","4*5л","5 л","Iнсектицид",59.16,49.3,54.23,USD,"Маврiк EB","5 л",original,"Інсектицид","mavrik-eb-adama",12
3008,existing,"Пiрiнекс Cупер KE","Адама","12*1л","1 л","Iнсектицид",16.44,13.7,15.07,USD,"Пiрiнекс Cупер KE","1 л",original,"Інсектицид","pirineks-cuper-ke-adama",14
3009,existing,"Рiмон Фаст КС","Адама","4*5л","5 л","Iнсектицид",38.47,32.06,35.27,USD,"Рiмон Фаст КС","5 л",original,"Інсектицид","rimon-fast-ks-adama",16
3010,existing,"Цезар KE","Адама","12*1л","1 л","Iнсектицид",24.26,20.22,22.24,USD,"Цезар KE","1 л",original,"Інсектицид","tsezar-ke-adama",17
3011,existing,"Белт 480 SC, КС","Байер","12*1л","1 л","Iнсектицид",208.68,173.9,191.29,USD,"Белт 480 SC, КС","1 л",original,"Інсектицид","belt-480-sc-ks-baier",468
3013,existing,"Вайєго 200SC, КС","Байер","12*1л","1 л","Iнсектицид",171.75,143.12,157.43,USD,"Вайєго 200SC, КС","1 л",original,"Інсектицид","vaiyeho-200sc-ks-baier",465
3014,existing,"Децис 100 ЕС, КЕ","Байер","12*1","1 л","Iнсектицид",44.94,37.45,41.2,USD,"Децис 100 ЕС, КЕ","1 л",original,"Інсектицид","detsys-100-es-ke-baier",466
3015,existing (fuzzy),"Калiпсо 480SC, КС","Байер","12*1л","1 л","Iнсектицид",150.48,125.4,137.94,USD,"Каліпсо 480 SC","1 л",original,"Інсектицид","kalipso-480-sc-baier",469
3016,existing,"Коннект 112,5 SC, КС","Байер","4*5л","5 л","Iнсектицид",19.96,16.63,18.29,USD,"Коннект 112,5 SC, КС","5 л",original,"Інсектицид","konnekt-112-5-sc-ks-baier",473
3017,existing,"Конфiдор 200SL, РК","Байер","20*0,5л","0.5 л","Iнсектицид",50.67,42.23,46.45,USD,"Конфiдор 200SL, РК","0.5 л",original,"Інсектицид","konfidor-200sl-rk-baier",474
3018,existing,"Мовенто 100SC, КС","Байер","12*1л","1 л","Iнсектицид",62.04,51.7,56.87,USD,"Мовенто 100SC, КС","1 л",original,"Інсектицид","movento-100sc-ks-baier",488
3019,existing,"Оберон Рапід","Байер","12*1л","1 л","Iнсектицид",88.44,73.7,81.07,USD,"Оберон Рапід","1 л",original,"Інсектицид","oberon-rapid-baier",492
3020,existing,"Протеус 110OD, МД","Байер","4*5л","5 л","Iнсектицид",37.53,31.27,34.4,USD,"Протеус 110OD, МД","5 л",original,"Інсектицид","proteus-110od-md-baier",495
3021,existing,"Сіванто Енерджі 85ЕС, РК","Байер","4*5л","5 л","Iнсектицид",33.22,27.68,30.45,USD,"Сіванто Енерджі 85ЕС, РК","5 л",original,"Інсектицид","sivanto-enerdzhi-85es-rk-baier",500
3022,existing,"Сіванто Прайм 200SL, РК","Байер","12*1л","1 л","Iнсектицид",101.59,84.66,93.13,USD,"Сіванто Прайм 200SL, РК","1 л",original,"Інсектицид","sivanto-praim-200sl-rk-baier",501
3023,existing,"Номолт к.с.","Басф","10*1л","1 л","Iнсектицид",42.73,35.61,39.17,USD,"Номолт к.с.","1 л",original,"Інсектицид","nomolt-k-s-basf",82
3026,existing,"Альтрон","Дефенда","4*5л","5 л","Інсектицид",10.4,8.67,9.54,USD,"Альтрон","5 л",original,"Інсектицид","altron-defenda",606
3027,existing,"Альфа Супер","Дефенда","4*5л","5 л","Інсектицид",6.4,5.33,5.86,USD,"Альфа Супер","5 л",original,"Інсектицид","alfa-super-defenda",605
3028,existing,"Атік","Дефенда","20*0,5кг","0.5 кг","Інсектицид",11,9.17,10.09,USD,"Атік","0.5 кг",original,"Інсектицид","atik-defenda",608
3029,existing,"Бомбардир","Дефенда","20*0,25кг","0.25 кг","Інсектицид",19.5,16.25,17.88,USD,"Бомбардир","0.25 кг",original,"Інсектицид","bombardyr-defenda",614
3030,existing,"Бомбардир Аква","Дефенда","4*5л","5 л","Інсектицид",9,7.5,8.25,USD,"Бомбардир Аква","5 л",original,"Інсектицид","bombardyr-akva-defenda",615
3031,existing,"Бомбардир Дуо","Дефенда","4*5л","5 л","Інсектицид",13.8,11.5,12.65,USD,"Бомбардир Дуо","5 л",original,"Інсектицид","bombardyr-duo-defenda",616
3032,existing,"Кайрос","Дефенда","4*5л","5 л","Інсектицид",140,116.67,128.34,USD,"Кайрос","5 л",original,"Інсектицид","kairos-defenda",630
3033,existing,"Миральд","Дефенда","4*5л","5 л","Інсектицид",8.4,7,7.7,USD,"Миральд","5 л",original,"Інсектицид","myrald-defenda",642
3034,existing,"Октант","Дефенда","20*0,5кг","0.5 кг","Інсектицид",13,10.83,11.91,USD,"Октант","0.5 кг",original,"Інсектицид","oktant-defenda",647
3035,existing,"Октант Турбо","Дефенда","4*5л","5 л","Інсектицид",15.3,12.75,14.03,USD,"Октант Турбо","5 л",original,"Інсектицид","oktant-turbo-defenda",648
3036,existing,"Престо","Дефенда","4*5л","5 л","Інсектицид",16.9,14.08,15.49,USD,"Престо","5 л",original,"Інсектицид","presto-defenda",654
3037,existing,"Просенс","Дефенда","4*5л","5 л","Інсектицид",32,26.67,29.34,USD,"Просенс","5 л",original,"Інсектицид","prosens-defenda",656
3038,existing,"Синерид","Дефенда","4*5л","5 л","Інсектицид",24,20,22,USD,"Синерид","5 л",original,"Інсектицид","syneryd-defenda",662
3039,existing,"Твікс","Дефенда","2*10л","10 л","Інсектицид",8.8,7.33,8.06,USD,"Твікс","10 л",original,"Інсектицид","tviks-defenda",673
3040,existing,"Циркуль","Дефенда","4*5л","5 л","Інсектицид",6.1,5.08,5.59,USD,"Циркуль","5 л",original,"Інсектицид","tsyrkul-defenda",672
3041,existing,"Джеронімо","Кортева","10*1кг","1 кг","Iнсектицид",96.19,80.16,88.18,USD,"Джеронімо","1 кг",original,"Інсектицид","dzheronimo-korteva",190
3042,existing,"Радіант","Кортева","0,5л","0.5 л","Iнсектицид",86.4,72,79.2,USD,"Радіант","0.5 л",original,"Інсектицид","radiant-korteva",191
3043,existing,"Ріджбек","Кортева","1л","1 л","Iнсектицид",37.17,30.97,34.07,USD,"Ріджбек","1 л",original,"Інсектицид","ridzhbek-korteva",192
3044,existing,"Трансформ, ВГ","Кортева","0,25кг","0.25 кг","Iнсектицид",281.09,234.24,257.66,USD,"Трансформ, ВГ","0.25 кг",original,"Інсектицид","transform-vh-korteva",193
3057,existing,"Кайзо","Нуфарм","10*0,5кг","0.5 кг","Iнсектицид",12.79,10.66,11.73,USD,"Кайзо","0.5 кг",original,"Інсектицид","kaizo-nufarm",431
3058,existing,"Кайзо ПРО","Нуфарм","5кг","5 кг","Iнсектицид",28.79,23.99,26.39,USD,"Кайзо ПРО","5 кг",original,"Інсектицид","kaizo-pro-nufarm",432
3059,existing,"Карнадін","Нуфарм","12*1л","1 л","Інсектицид",52.26,43.55,47.91,USD,"Карнадін","1 л",original,"Інсектицид","karnadin-nufarm",446
3060,existing,"Акарамік, КЕ","Самміт-Агро","10*1л","1 л","Iнсектицид",53.14,44.28,48.71,USD,"Акарамік, КЕ","1 л",original,"Інсектицид","akaramik-ke-sammit-agro",526
3061,existing,"Аплауд, КС","Самміт-Агро","10*1л","1 л","Iнсектицид",52.49,43.74,48.11,USD,"Аплауд, КС","1 л",original,"Інсектицид","aplaud-ks-sammit-agro",527
3062,existing,"Балазо к.е.(бiфентрiн)","Самміт-Агро","10*1л","1 л","Iнсектицид",29.16,24.3,26.73,USD,"Балазо к.е.(бiфентрiн)","1 л",original,"Інсектицид","balazo-k-e-bifentrin-sammit-agro",528
3063,existing,"Іназума, ВГ","Самміт-Агро","5кг","5 кг","Iнсектицид",36.29,30.24,33.26,USD,"Іназума, ВГ","5 кг",original,"Інсектицид","inazuma-vh-sammit-agro",530
3064,existing,"Лексикон, КС","Самміт-Агро","5кг пак","5кг пак","Iнсектицид",101.09,84.24,92.66,USD,"Лексикон, КС","5кгпак",original,"Інсектицид","leksykon-ks-sammit-agro",531
3068,existing,"Сілкер, КЕ","Самміт-Агро","4*5л","5 л","Iнсектицид",50.54,42.12,46.33,USD,"Сілкер, КЕ","5 л",original,"Інсектицид","silker-ke-sammit-agro",535
3069,existing,"Теппекі, ВГ","Самміт-Агро","0,14кг (ящ 3,36кг)","0,14кг (ящ 3,36кг)","Iнсектицид",273.46,227.88,250.67,USD,"Теппекі, ВГ","0,14кг(ящ3,36кг)",original,"Інсектицид","teppeki-vh-sammit-agro",537
3071,existing,"Амплiго 150ZC","Сингента","4*5л","5 л","Iнсектицид",133.1,110.92,122.01,USD,"Амплiго 150ZC","5 л",original,"Інсектицид","ampliho-150zc-synhenta",295
3072,existing,"Вердавіс 250 ZС","Сингента","4*5л","5 л","Iнсектицид",118.48,98.74,108.61,USD,"Вердавіс 250 ZС","5 л",original,"Інсектицид","verdavis-250-zs-synhenta",305
3073,existing,"Вертiмек 018 ЕС","Сингента","12*1л","1 л","Iнсектицид",101,84.17,92.59,USD,"Вертiмек 018 ЕС","1 л",original,"Інсектицид","vertimek-018-es-synhenta",307
3074,existing,"Вертiмек НЕО 018 ЕС","Сингента","12*1л","1 л","Iнсектицид",110.16,91.8,100.98,USD,"Вертiмек НЕО 018 ЕС","1 л",original,"Інсектицид","vertimek-neo-018-es-synhenta",308
3075,existing,"Волiам флексi300 SC","Сингента","12*1л","1 л","Iнсектицид",162.99,135.83,149.41,USD,"Волiам флексi300 SC","1 л",original,"Інсектицид","voliam-fleksi300-sc-synhenta",309
3077,existing,"Карате 050ЕС","Сингента","4*5л","5 л","Iнсектицид",15.67,13.06,14.37,USD,"Карате 050ЕС","5 л",original,"Інсектицид","karate-050es-synhenta",298
3077,existing (fuzzy),"Карате 050 Зеон CS мкс","Сингента","4*5л","5 л","Iнсектицид",30.83,25.69,28.26,USD,"Карате 050ЕС","5 л",original,"Інсектицид","karate-050es-synhenta",299
3079,existing,"Лірум 78 SC","Сингента","4*5л","5 л","Iнсектицид",130.54,108.78,119.66,USD,"Лірум 78 SC","5 л",original,"Інсектицид","lirum-78-sc-synhenta",300
3080,existing,"Люфокс 105 ЕС ке","Сингента","4*5л","5 л","Iнсектицид",49.87,41.56,45.72,USD,"Люфокс 105 ЕС ке","5 л",original,"Інсектицид","lyufoks-105-es-ke-synhenta",301
3081,existing,"Матч 050 ЕС","Сингента","4*5л","5 л","Iнсектицид",53.14,44.28,48.71,USD,"Матч 050 ЕС","5 л",original,"Інсектицид","match-050-es-synhenta",302
3082,existing,"Пленум WG","Сингента","10*1кг","1 кг","Iнсектицид",104.52,87.1,95.81,USD,"Пленум WG","1 кг",original,"Інсектицид","plenum-wg-synhenta",303
3083,existing,"Проклейм 5SG","Сингента","12*0,5кг","0.5 кг","Iнсектицид",118.45,98.71,108.58,USD,"Проклейм 5SG","0.5 кг",original,"Інсектицид","prokleim-5sg-synhenta",304
3084,existing,"Форс 1,5G","Сингента","20кг","20 кг","Iнсектицид",10.56,8.8,9.68,USD,"Форс 1,5G","20 кг",original,"Інсектицид","fors-1-5g-synhenta",297
3085,existing,"Бестселлер Турбо 200 к.с.","Терра Віта","4*5л","5 л","Iнсектицид",14.64,12.2,13.42,USD,"Бестселлер Турбо 200 к.с.","5 л",original,"Інсектицид","bestseller-turbo-200-k-s-terra-vita",372
3086,existing,"Вамп 200 ВП","Терра Віта","1кг","1 кг","Iнсектицид",21.74,18.11,19.92,USD,"Вамп 200 ВП","1 кг",original,"Інсектицид","vamp-200-vp-terra-vita",365
3087,existing,"Вамп 200 Дуо КС","Терра Віта","1кг","1 кг","Iнсектицид",20,16.66,18.33,USD,"Вамп 200 Дуо КС","1 кг",original,"Інсектицид","vamp-200-duo-ks-terra-vita",366
3088,existing,"Кассент 400КС","Терра Віта","2*10л","10 л","Iнсектицид",25.36,21.14,23.25,USD,"Кассент 400КС","10 л",original,"Інсектицид","kassent-400ks-terra-vita",367
3089,existing,"Суперкіл","Терра Віта","1*20л","20 л","Iнсектицид",11.63,9.69,10.66,USD,"Суперкіл","20 л",original,"Інсектицид","superkil-terra-vita",368
3110,existing,"Вантакор","ФМС","10*1л","1 л","Інсектоакарицид",445.91,371.59,408.75,USD,"Вантакор","1 л",original,"Інсектицид","vantakor-fms",212
3111,existing,"Вантекс","ФМС","10*1л","1 л","Інсектоакарицид",49.35,41.12,45.23,USD,"Вантекс","1 л",original,"Інсектицид","vanteks-fms",214
3112,existing,"Верімарк","ФМС","20*0,1л","0.1 л","Інсектицид",360.37,300.31,330.34,USD,"Верімарк","0.1 л",original,"Інсектицид","verimark-fms",216
3113,existing,"Данадим Мікс,  к.е","ФМС","2*10л","10 л","Інсектоакарицид",16.92,14.1,15.51,USD,"Данадим Мікс,  к.е","10 л",original,"Інсектицид","danadym-miks-k-e-fms",221
3114,existing,"Джалентра","ФМС","4*5л","5 л","Інсектицид",105.71,88.09,96.9,USD,"Джалентра","5 л",original,"Інсектицид","dzhalentra-fms",222
3115,existing,"Ексірель 10% с.е","ФМС","10*1л","1 л","Інсектицид",186.9,155.75,171.33,USD,"Ексірель 10% с.е","1 л",original,"Інсектицид","eksirel-10-s-e-fms",224
3116,existing,"Кораген","ФМС","4*5л","5 л","Інсектоакарицид",240.25,200.21,220.23,USD,"Кораген","5 л",original,"Інсектицид","korahen-fms",237
3117,existing,"Простор","ФМС","4*5л","5 л","Інсектицид",29.17,24.31,26.74,USD,"Простор","5 л",original,"Інсектицид","prostor-fms",245
3119,existing,"Фуфанон","ФМС","4*5л","5 л","Інсектицид",9.72,8.1,8.91,USD,"Фуфанон","5 л",original,"Інсектицид","fufanon-fms",251
3150,existing,"Вепо","UPL","5 л","5 л","Інсектоакарициди",7.74,6.45,7.1,USD,"Вепо","5 л",original,"Інсектицид","vepo-upl",197
3151,existing,"Версар, КЕ (Суперкіл)","UPL","20 л","20 л","Інсектоакарициди",14.49,12.08,13.29,USD,"Версар, КЕ (Суперкіл)","20 л",original,"Інсектицид","versar-ke-superkil-upl",198
3152,new-packaging,"Аполло KC","Адама","4*5л","5 л","Iнсектицид",55.86,46.55,51.21,USD,"Аполло KC","1 л",original,"Інсектицид","apollo-kc-adama",6
3153,new-packaging,"Маврiк EB","Адама","12*1л","1 л","Iнсектицид",60.35,50.29,55.32,USD,"Маврiк EB","5 л",original,"Інсектицид","mavrik-eb-adama",13
3154,new-packaging,"Пiрiнекс Cупер KE","Адама","4*5л","5 л","Iнсектицид",15.65,13.04,14.34,USD,"Пiрiнекс Cупер KE","1 л",original,"Інсектицид","pirineks-cuper-ke-adama",15
3155,new-packaging (fuzzy),"Регент 20G, г","Басф","2*10кг","10 кг","Iнсектицид",12.73,10.61,11.67,USD,"Регент 20 G","5 кг",original,"Інсектицид","rehent-20-g-basf",83
3156,new-packaging (fuzzy),"Фастак, КЕ","Басф","10*1л","1 л","Iнсектицид",18.98,15.82,17.4,USD,"Фастак 100","5 л",original,"Інсектицид","fastak-100-basf",84
3157,new-packaging,"Вантакор","ФМС","10*0,5л","0.5 л","Інсектоакарицид",445.91,371.59,408.75,USD,"Вантакор","1 л",original,"Інсектицид","vantakor-fms",213
3158,new-packaging,"Джалентра","ФМС","1л","1 л","Інсектицид",105.71,88.09,96.9,USD,"Джалентра","5 л",original,"Інсектицид","dzhalentra-fms",223
3159,new-packaging,"Кораген","ФМС","10*1л","1 л","Інсектоакарицид",245.06,204.22,224.64,USD,"Кораген","5 л",original,"Інсектицид","korahen-fms",238
3160,new-packaging,"Кораген","ФМС","20*200мл","200 мл","Інсектоакарицид",241.82,201.52,221.67,USD,"Кораген","5 л",original,"Інсектицид","korahen-fms",239
3161,new-packaging,"Кораген","ФМС","50*50мл","50 мл","Інсектоакарицид",259.47,216.23,237.85,USD,"Кораген","5 л",original,"Інсектицид","korahen-fms",240
3162,new-packaging,"Талстар","ФМС","4*5л","5 л","Інсектицид",27.68,23.06,25.37,USD,"Талстар","1 л",original,"Інсектицид","talstar-fms",248
3163,new-packaging (fuzzy),"Актара 25 WG в.г","Сингента","20*250гр","20*250гр","Iнсектицид",256.8,214,235.4,USD,"Актара 25 WG","0,25 кг",original,"Інсектицид","aktara-25-wg-synhenta",294
3164,new-packaging (fuzzy),"Енжiо 247 SC к.с.","Сингента","4*5л","5 л","Iнсектицид",60.91,50.76,55.84,USD,"Енжіо 247 SC","1 л",original,"Інсектицид","enzhio-247-sc-synhenta",296
3165,new-packaging,"Вердавіс 250 ZС","Сингента","12*1л","1 л","Iнсектицид",120.86,100.72,110.79,USD,"Вердавіс 250 ZС","5 л",original,"Інсектицид","verdavis-250-zs-synhenta",306
3166,new-packaging,"Карнадін","Нуфарм","4*5л","5 л","Інсектицид",49.31,41.09,45.2,USD,"Карнадін","1 л",original,"Інсектицид","karnadin-nufarm",447
3167,new-packaging (fuzzy),"Бiскайя 240 OD, МД","Байер","4*5л","5 л","Iнсектицид",65.38,54.48,59.93,USD,"Біскайя 240 OD","1 л",original,"Інсектицид","biskaiya-240-od-baier",464
3168,new-packaging,"Мовенто 100SC, КС","Байер","4*5л","5 л","Iнсектицид",62.04,51.7,56.87,USD,"Мовенто 100SC, КС","1 л",original,"Інсектицид","movento-100sc-ks-baier",489
3169,new-packaging,"Балазо к.е.(бiфентрiн)","Самміт-Агро","4*5л","5 л","Iнсектицид",28.51,23.76,26.14,USD,"Балазо к.е.(бiфентрiн)","1 л",original,"Інсектицид","balazo-k-e-bifentrin-sammit-agro",529
3170,new-packaging,"Моспiлан, ВП (2*200г)","Самміт-Агро","20*400гр ящик","20*400гр ящик","Iнсектицид",71.28,59.4,65.34,USD,"Моспiлан, ВП (2*200г)","400грящик",original,"Інсектицид","mospilan-vp-2-200h-sammit-agro",532
3171,new-packaging,"Нiссоран, ЗП","Самміт-Агро","20*500гр пак","20*500гр пак","Iнсектицид",60.26,50.22,55.24,USD,"Нiссоран, ЗП","500грпак",original,"Інсектицид","nissoran-zp-sammit-agro",533
3172,new-packaging,"Санмайт, ЗП","Самміт-Агро","20*500гр","20*500гр","Iнсектицид",71.28,59.4,65.34,USD,"Санмайт, ЗП","500гр",original,"Інсектицид","sanmait-zp-sammit-agro",534
3173,new-packaging,"Сілкер, КЕ","Самміт-Агро","12*1л","1 л","Iнсектицид",54.43,45.36,49.9,USD,"Сілкер, КЕ","5 л",original,"Інсектицид","silker-ke-sammit-agro",536
3174,new-packaging,"Теппекі, ВГ","Самміт-Агро","0,5кг (ящ 5кг)","0,5кг (ящ 5кг)","Iнсектицид",269.57,224.64,247.1,USD,"Теппекі, ВГ","0,14кг(ящ3,36кг)",original,"Інсектицид","teppeki-vh-sammit-agro",538
4001,existing,"Еко Ойл Спрей","Адама","4*5л","5 л","Протруйник",7.19,5.99,6.59,USD,"Еко Ойл Спрей","5 л",original,"Протруйник","eko-oil-sprei-adama",50
4002,existing,"Сферіко ТН","Адама","4*5л","5 л","Протруйник",35.4,29.5,32.45,USD,"Сферіко ТН","5 л",original,"Протруйник","sferiko-tn-adama",51
4003,existing,"Еместо Сільвер","Байер","4*5л","5 л","Протруйник",76.85,64.04,70.44,USD,"Еместо Сільвер","5 л",original,"Протруйник","emesto-silver-baier",507
4004,existing,"Еместo Квантум 273,5 FS, ТН","Байер","12*1л","1 л","Протруйник",68.04,56.7,62.37,USD,"Еместo Квантум 273,5 FS, ТН","1 л",original,"Протруйник","emesto-kvantum-273-5-fs-tn-baier",506
4005,existing,"Редіго М 120FS","Байер","4*5л","5 л","Протруйник",47.79,39.83,43.81,USD,"Редіго М 120FS","5 л",original,"Протруйник","rediho-m-120fs-baier",498
4006,existing,"Февер","Байер","12*1л","1 л","Протруйник",133.73,111.44,122.58,USD,"Февер","1 л",original,"Протруйник","fever-baier",519
4007,existing,"Детер","Басф","4*5л","5 л","Протруйник",39.44,32.87,36.16,USD,"Детер","5 л",original,"Протруйник","deter-basf",137
4008,existing,"Іншур Перформ т.к.с","Басф","4*5л","5 л","Протруйник",35.32,29.43,32.37,USD,"Іншур Перформ т.к.с","5 л",original,"Протруйник","inshur-perform-t-k-s-basf",138
4009,existing,"Кiнто Дуо, КС","Басф","4*5л","5 л","Протруйник",16.62,13.85,15.24,USD,"Кiнто Дуо, КС","5 л",original,"Протруйник","kinto-duo-ks-basf",139
4010,existing,"Кiнто Плюс","Басф","4*5л","5 л","Протруйник",38.27,31.89,35.08,USD,"Кiнто Плюс","5 л",original,"Протруйник","kinto-plyus-basf",140
4011,existing,"Мерівон Про","Басф","4*5л","5 л","Протруйник",87.01,72.51,79.76,USD,"Мерівон Про","5 л",original,"Протруйник","merivon-pro-basf",141
4012,existing,"Систiва т.н","Басф","4*5л","5 л","Протруйник",140.44,117.03,128.73,USD,"Систiва т.н","5 л",original,"Протруйник","systiva-t-n-basf",142
4013,existing,"Стандак ТОП","Басф","4*5л","5 л","Протруйник",95.59,79.66,87.63,USD,"Стандак ТОП","5 л",original,"Протруйник","standak-top-basf",143
4014,existing,"Арес","Дефенда","4*5л","5 л","Протруйник",22,18.33,20.16,USD,"Арес","5 л",original,"Протруйник","ares-defenda",607
4015,existing,"Бастіон","Дефенда","4*5л","5 л","Протруйник",7.2,6,6.6,USD,"Бастіон","5 л",original,"Протруйник","bastion-defenda",611
4016,existing,"Латіна","Дефенда","4*5л","5 л","Протруйник",32,26.67,29.34,USD,"Латіна","5 л",original,"Протруйник","latina-defenda",637
4017,existing,"Метакса","Дефенда","4*5л","5 л","Протруйник",12,10,11,USD,"Метакса","5 л",original,"Протруйник","metaksa-defenda",640
4018,existing,"Фуксія","Дефенда","4*5л","5 л","Протруйник",11.5,9.58,10.54,USD,"Фуксія","5 л",original,"Протруйник","fuksiya-defenda",626
4019,existing,"Хлорис","Дефенда","4*5л","5 л","Протруйник",6.9,5.75,6.33,USD,"Хлорис","5 л",original,"Протруйник","khlorys-defenda",618
4020,existing,"Лумівія","Кортева","9,6л","9.6 л","Протруйник",369.04,307.54,338.29,USD,"Лумівія","9.6 л",original,"Протруйник","lumiviya-korteva",162
4021,existing,"Лумісена","Кортева","10л","10 л","Протруйник",472.36,393.64,433,USD,"Лумісена","10 л",original,"Протруйник","lumisena-korteva",163
4022,existing,"Лумітрео","Кортева","4,7л","4.7 л","Протруйник",132.85,110.71,121.78,USD,"Лумітрео","4.7 л",original,"Протруйник","lumitreo-korteva",164
4023,existing,"Луміфлекс","Кортева","20л","20 л","Протруйник",738.07,615.06,676.57,USD,"Луміфлекс","20 л",original,"Протруйник","lumifleks-korteva",165
4024,existing,"Тібарі","Кортева","4*5л","5 л","Протруйник",53.42,44.52,48.97,USD,"Тібарі","5 л",original,"Протруйник","tibari-korteva",173
4028,existing,"Нупрiд 600","Нуфарм","10л","10 л","Протруйник",32.2,26.83,29.51,USD,"Нупрiд 600","10 л",original,"Протруйник","nuprid-600-nufarm",415
4029,existing,"Вінцит 050SC, КС","Самміт-Агро","2*10л","10 л","Протруйник",16.85,14.04,15.44,USD,"Вінцит 050SC, КС","10 л",original,"Протруйник","vintsyt-050sc-ks-sammit-agro",577
4030,existing,"Актелік 500EC","Сингента","4*5л","5 л","Протруйник",46.24,38.53,42.38,USD,"Актелік 500EC","5 л",original,"Протруйник","aktelik-500ec-synhenta",310
4031,existing,"Апрон XL 350 FS","Сингента","4*5л","5 л","Протруйник",254.74,212.28,233.51,USD,"Апрон XL 350 FS","5 л",original,"Протруйник","apron-xl-350-fs-synhenta",312
4032,existing,"Атува 4*4","Сингента","4*4л","4 л","Протруйник",58.64,48.86,53.75,USD,"Атува 4*4","4 л",original,"Протруйник","atuva-4-4-synhenta",311
4033,existing,"Вайбранс Интеграл 235FS","Сингента","1*20л","20 л","Протруйник",68.92,57.43,63.17,USD,"Вайбранс Интеграл 235FS","20 л",original,"Протруйник","vaibrans-yntehral-235fs-synhenta",324
4034,existing,"Вайбранс PREMIUM 90FS","Сингента","4*5л","5 л","Протруйник",67.39,56.16,61.78,USD,"Вайбранс PREMIUM 90FS","5 л",original,"Протруйник","vaibrans-premium-90fs-synhenta",325
4035,existing,"Вайбранс RFS 112,5FS","Сингента","4*5л","5 л","Протруйник",66.64,55.54,61.09,USD,"Вайбранс RFS 112,5FS","5 л",original,"Протруйник","vaibrans-rfs-112-5fs-synhenta",326
4036,existing,"Вайбранс TRIO 60FS","Сингента","4*5л","5 л","Протруйник",35.04,29.2,32.12,USD,"Вайбранс TRIO 60FS","5 л",original,"Протруйник","vaibrans-trio-60fs-synhenta",327
4038,existing,"Дівідент Стар 036","Сингента","4*5л","5 л","Протруйник",16.8,14,15.4,USD,"Дівідент Стар 036","5 л",original,"Протруйник","divident-star-036-synhenta",317
4040,existing,"Круiзер OSR 322 FS","Сингента","1*20л","20 л","Протруйник",208.37,173.64,191,USD,"Круiзер OSR 322 FS","20 л",original,"Протруйник","kruizer-osr-322-fs-synhenta",315
4041,existing,"Максим 025 FS","Сингента","4*5л","5 л","Протруйник",35.38,29.48,32.43,USD,"Максим 025 FS","5 л",original,"Протруйник","maksym-025-fs-synhenta",319
4042,existing,"Максим форте 050 FS","Сингента","1*20л","20 л","Протруйник",27.27,22.73,25,USD,"Максим форте 050 FS","20 л",original,"Протруйник","maksym-forte-050-fs-synhenta",320
4043,existing,"Максим XL 035 FS","Сингента","4*5л","5 л","Протруйник",57.92,48.26,53.09,USD,"Максім XL 035 FS","5 л",original,"Протруйник","maksim-xl-035-fs-synhenta",322
4044,existing,"Премакс","Сингента","4*1л","1 л","Протруйник",48.9,40.75,44.83,USD,"Премакс","1 л",original,"Протруйник","premaks-synhenta",323
4045,existing,"Селест МАХХ 165 FS","Сингента","20л","20 л","Протруйник",50.07,41.72,45.89,USD,"Селест МАХХ 165 FS","20 л",original,"Протруйник","selest-makhkh-165-fs-synhenta",313
4046,existing,"Селест Топ 312,5 FS","Сингента","4*5л","5 л","Протруйник",96.28,80.23,88.25,USD,"Селест Топ 312,5 FS","5 л",original,"Протруйник","selest-top-312-5-fs-synhenta",314
4047,existing,"Даліла 600 ТН","Терра Віта","2*10л","10 л","Протруйник",30.43,25.36,27.9,USD,"Даліла 600 ТН","10 л",original,"Протруйник","dalila-600-tn-terra-vita",402
4048,existing,"Пассаж 190ТН","Терра Віта","4*5л","5 л","Протруйник",26.58,22.15,24.37,USD,"Пассаж 190ТН","5 л",original,"Протруйник","passazh-190tn-terra-vita",403
4051,existing,"Вінцит Форте","ФМС","4*5л","5 л","Протруйник",22.81,19.01,20.91,USD,"Вінцит Форте","5 л",original,"Протруйник","vintsyt-forte-fms",217
4052,existing,"Пікус 600","ФМС","5л","5 л","Протруйник",28.2,23.5,25.85,USD,"Пікус 600","5 л",original,"Протруйник","pikus-600-fms",244
4062,existing,"Вітавакс","UPL","5 л","5 л","Протруйники",12.42,10.35,11.39,USD,"Вітавакс","5 л",original,"Протруйник","vitavaks-upl",199
4063,new-packaging,"Круiзер 350 FS","Сингента","1*20л","20 л","Протруйник",130.08,108.4,119.24,USD,"Круізер 350 FS","5 л",original,"Протруйник","kruizer-350-fs-synhenta",316
4064,new-sku,"Еквенто 100FS","Сингента","4*5л","5 л","Протруйник",91.08,75.9,83.49,USD,"","",,"","",318
4065,new-packaging,"Максим форте 050 FS","Сингента","4*5л","5 л","Протруйник",27.55,22.96,25.26,USD,"Максим форте 050 FS","20 л",original,"Протруйник","maksym-forte-050-fs-synhenta",321
4066,new-packaging,"Віксеран25*250","Сингента","25*250гр","25*250гр","Протруйник",563.04,469.2,516.12,USD,"Віксеран25*250","250гр",original,"Протруйник","vikseran25-250-synhenta",328
5001,existing,"Диквалан","Дефенда","20л","20 л","Десикант",3.95,3.29,3.62,USD,"Диквалан","20 л",original,"Десикант","dykvalan-defenda",621
5002,existing,"Диквалан Макс","Дефенда","20л","20 л","Десикант",6.95,5.79,6.37,USD,"Диквалан Макс","20 л",original,"Десикант","dykvalan-maks-defenda",622
5003,existing,"Реглон АІР 200","Сингента","2*10л","10 л","десикант",8.58,7.15,7.87,USD,"Реглон АІР 200","10 л",original,"Десикант","rehlon-air-200-synhenta",357
5004,existing,"Реглон Форте 200","Сингента","2*10л","10 л","десикант",7.96,6.64,7.3,USD,"Реглон Форте 200","10 л",original,"Десикант","rehlon-forte-200-synhenta",358
6001,existing,"Аміно Ксеріон","Адама","1кг","1 кг","Регулятор росту",31.92,26.6,29.26,USD,"Аміно Ксеріон","1 кг",original,"Регулятор росту","amino-kserion-adama",52
6002,existing,"Експерт Гроу","Адама","1л","1 л","Регулятор росту",32.76,27.3,30.03,USD,"Експерт Гроу","1 л",original,"Регулятор росту","ekspert-hrou-adama",54
6003,existing,"Кальма КЕ","Адама","4*5л","5 л","Регулятор росту",35.77,29.81,32.79,USD,"Кальма КЕ","5 л",original,"Регулятор росту","kalma-ke-adama",56
6004,existing,"Цикоган РК","Адама","2*10л","10 л","Регулятор росту",4.61,3.84,4.22,USD,"Цикоган РК","10 л",original,"Регулятор росту","tsykohan-rk-adama",57
6005,existing,"Церон 480 SL, РК","Байер","4*5л","5 л","Регулятор росту",27.37,22.81,25.09,USD,"Церон 480 SL, РК","5 л",original,"Регулятор росту","tseron-480-sl-rk-baier",523
6006,existing,"Медакс ТОП, КС","Басф","4*5л","5 л","Регулятор росту",26.7,22.25,24.48,USD,"Медакс ТОП, КС","5 л",original,"Регулятор росту","medaks-top-ks-basf",145
6007,existing,"Регалiс Плюс","Басф","10*1,5кг","1.5 кг","Регулятор росту",119.52,99.6,109.56,USD,"Регалiс Плюс","1.5 кг",original,"Регулятор росту","rehalis-plyus-basf",146
6008,existing,"Терпал РК","Басф","4*5л","5 л","Регулятор росту",16.13,13.44,14.78,USD,"Терпал РК","5 л",original,"Регулятор росту","terpal-rk-basf",147
6009,existing,"Тава","Дефенда","4*5л","5 л","Регулятори росту",6.5,5.42,5.96,USD,"Тава","5 л",original,"Регулятор росту","tava-defenda",671
6010,existing,"Стімулейт","Кортева","4*5л","5 л","Регулятор росту",46.2,38.5,42.35,USD,"Стімулейт","5 л",original,"Регулятор росту","stimuleit-korteva",172
6011,existing,"Кампосан eкстра SL","Нуфарм","4*5л","5 л","Регулятор росту",20.42,17.02,18.72,USD,"Кампосан eкстра SL","5 л",original,"Регулятор росту","kamposan-ekstra-sl-nufarm",445
6012,existing,"Мокса 250","Нуфарм","4*5л","5 л","Регулятор росту",35.35,29.46,32.41,USD,"Мокса 250","5 л",original,"Регулятор росту","moksa-250-nufarm",448
6013,existing,"Стабiлан 750 SL","Нуфарм","2*10л","10 л","Регулятор росту",6.08,5.06,5.57,USD,"Стабiлан 750 SL","10 л",original,"Регулятор росту","stabilan-750-sl-nufarm",450
6014,existing,"Еріні, КЕ","Самміт-Агро","4*5л","5 л","Регулятори росту",42.51,35.42,38.96,USD,"Еріні, КЕ","5 л",original,"Регулятор росту","erini-ke-sammit-agro",601
6015,existing,"Келпак РК","Терра Віта","12*1л","1 л","Регулятор росту",11.59,9.66,10.63,USD,"Келпак РК","1 л",original,"Регулятор росту","kelpak-rk-terra-vita",381
6016,existing,"Меквалан 750 РК","Терра Віта","2*10л","10 л","Регулятор росту",4.71,3.92,4.31,USD,"Меквалан 750 РК","10 л",original,"Регулятор росту","mekvalan-750-rk-terra-vita",404
6022,existing,"Рутер, РК","UPL","5 л","5 л","Регулятори росту",11.87,9.89,10.88,USD,"Рутер, РК","5 л",original,"Регулятор росту","ruter-rk-upl",208
6023,new-packaging,"Аміно Ксеріон","Адама","5кг","5 кг","Регулятор росту",30.99,25.83,28.41,USD,"Аміно Ксеріон","1 кг",original,"Регулятор росту","amino-kserion-adama",53
6024,new-packaging,"Експерт Гроу","Адама","5л","5 л","Регулятор росту",31.81,26.51,29.16,USD,"Експерт Гроу","1 л",original,"Регулятор росту","ekspert-hrou-adama",55
6025,new-packaging,"Келпак РК","Терра Віта","4*5л","5 л","Регулятор росту",10.87,9.06,9.97,USD,"Келпак РК","1 л",original,"Регулятор росту","kelpak-rk-terra-vita",382
7001,existing,"Бiопауер","Байер","4*5л","5 л","Прилипач",5.73,4.78,5.26,USD,"Бiопауер","5 л",original,"Адʼювант","biopauer-baier",508
7002,existing,"Меро КЕ","Байер","4*5л","5 л","ПАР",10.28,8.57,9.43,USD,"Меро КЕ","5 л",original,"Адʼювант","mero-ke-baier",487
7003,existing,"Метолат","Басф","2*10л","10 л","ПАР",8.05,6.71,7.38,USD,"Метолат","10 л",original,"Адʼювант","metolat-basf",135
7004,existing,"Сулфат Амонію","Басф","5кг","5 кг","ПАР",2.47,2.06,2.27,USD,"Сулфат Амонію","5 кг",original,"Адʼювант","sulfat-amoniyu-basf",96
7005,existing,"Турбо","Басф","4*5л","5 л","Прилипач",3.08,2.57,2.83,USD,"Турбо","5 л",original,"Адʼювант","turbo-basf",136
7006,existing,"Супер-Мачо","Дефенда","4*5л","5 л","Прилипач",12,10,11,USD,"Супер-Мачо","5 л",original,"Адʼювант","super-macho-defenda",669
7007,existing,"Біофорж","Кортева","4*5л","5 л","Біологічні препарати",23.28,19.4,21.34,USD,"Біофорж","5 л",original,"Адʼювант","bioforzh-korteva",154
7008,existing,"Віволт","Кортева","4*5л","5 л","ПАР",6.7,5.58,6.14,USD,"Віволт","5 л",original,"Адʼювант","vivolt-korteva",176
7009,existing,"Тренд 90","Сингента","4*5л","5 л","ПАВ",8.35,6.96,7.66,USD,"Тренд 90","5 л",original,"Адʼювант","trend-90-synhenta",329
7010,existing,"ПАВ Вопро Вет","Терра Віта","4*5л","5 л","Прилипач",7.98,6.65,7.32,USD,"ПАВ Вопро Вет","5 л",original,"Адʼювант","pav-vopro-vet-terra-vita",398
7011,existing,"ПАВ Вопро Голд","Терра Віта","4*5л","5 л","Прилипач",7.98,6.65,7.32,USD,"ПАВ Вопро Голд","5 л",original,"Адʼювант","pav-vopro-hold-terra-vita",399
7012,existing,"ПАВ Максимум","Терра Віта","4*5л","5 л","Прилипач",7.24,6.04,6.64,USD,"ПАВ Максимум","5 л",original,"Адʼювант","pav-maksymum-terra-vita",400
7013,existing,"ПАВ Саф","Терра Віта","4*5л","5 л","Прилипач",5.08,4.23,4.65,USD,"ПАВ Саф","5 л",original,"Адʼювант","pav-saf-terra-vita",401
7018,existing,"Ол Клиар Екстра","ФМС","4*5л","5 л","Пав",11.06,9.22,10.14,USD,"Ол Клиар Екстра","5 л",original,"Адʼювант","ol-klyar-ekstra-fms",242
7019,existing,"Тренд 90","ФМС","4*5л","5 л","Пав",6.87,5.72,6.29,USD,"Тренд 90","5 л",original,"Адʼювант","trend-90-fms",249
7033,existing,"Сільвет Голд","UPL","1 л","1 л","ПАВ",44.85,37.38,41.12,USD,"Сільвет Голд","1 л",original,"Адʼювант","silvet-hold-upl",210
8003,existing,"Талон RB (PELLETS)","Сингента","2,5кг","2.5 кг","Родентициди",9.5,7.92,8.71,USD,"Талон RB (PELLETS)","2.5 кг",original,"Родентицид","talon-rb-pellets-synhenta",356
8004,existing,"Талон RB (WAX BLOCK)","Сингента","10кг","10 кг","Родентициди",10.08,8.4,9.24,USD,"Талон RB (WAX BLOCK)","10 кг",original,"Родентицид","talon-rb-wax-block-synhenta",355
8005,existing,"Бромакем ПР","Терра Віта","12*1кг","1 кг","Родентициди",4.5,3.75,4.13,USD,"Бромакем ПР","1 кг",original,"Родентицид","bromakem-pr-terra-vita",374
8010,new-packaging,"Бромакем ПР","Терра Віта","5кг","5 кг","Родентициди",3.63,3.02,3.32,USD,"Бромакем ПР","1 кг",original,"Родентицид","bromakem-pr-terra-vita",375