Код,Дія,Лист,Виробник,Назва (прайс),Фасовка,Діюча речовина,Норма,Категорія slug,Категорія UA,Ціна з ПДВ,Без ПДВ,Готівка ×1.10,Валюта,Slug (наш),Назва (наша),Фасовка (наша),Tier,№ рядка
1117,existing,"Нертус","Нертус","Аргумент, РК","20 л","ізопропіламінна сіль гліфосату у кислотному еквіваленті, 360 г/л","",herbitsydy,"Гербіцид",4.11,3.43,3.77,USD,"arhument-rk-nertus","Аргумент, РК","20 л",econom,5
1118,existing,"Нертус","Нертус","Герб 900, КЕ","20 л","ацетохлор, 900 г/л","",herbitsydy,"Гербіцид",6.12,5.1,5.61,USD,"herb-900-ke-nertus","Герб 900, КЕ","20 л",econom,11
1119,existing,"Нертус","Нертус","Каре, ЗП","пакет 0,6 кг","трифлусульфурон-метил, 500 г/кг","",herbitsydy,"Гербіцид",77.37,64.48,70.93,USD,"kare-zp-nertus","Каре, ЗП","пакет 0,6 кг",econom,21
1120,existing,"Нертус","Нертус","Майтус, РГ","банка 0,25, 0,3, 0,5 кг","римсульфурон, 250 г/кг","",herbitsydy,"Гербіцид",79.01,65.84,72.42,USD,"maitus-rh-nertus","Майтус, РГ","банка 0,25, 0,3, 0,5 кг",econom,25
1121,existing,"Нертус","Нертус","Мілафурон, КС","5 л","нікосульфурон, 40 г/л","",herbitsydy,"Гербіцид",9.32,7.76,8.54,USD,"milafuron-ks-nertus","Мілафурон, КС","5 л",econom,27
1122,existing,"Нертус","Нертус","Мілафурон, КС КИТАЙ","5 л","нікосульфурон, 40 г/л","",herbitsydy,"Гербіцид",6.3,5.25,5.78,USD,"milafuron-ks-kytai-nertus","Мілафурон, КС КИТАЙ","5 л",econom,28
1123,existing,"Нертус","Нертус","Преміум Голд, КС","20 л","С-метолахлор, 312,5 г/л; тербутилазин, 187,5 г/л","",herbitsydy,"Гербіцид",6.05,5.04,5.54,USD,"premium-hold-ks-nertus","Преміум Голд, КС","20 л",econom,30
1124,existing,"Нертус","Нертус","Сентинел КЕ","5 л","пропізохлор, 576 г/л; метрибузин, 60 г/л","",herbitsydy,"Гербіцид",12.92,10.76,11.84,USD,"sentynel-ke-nertus","Сентинел КЕ","5 л",econom,33
1125,existing,"Нертус","Нертус","Терц, РК","20 л","пропізохлор, 720 г/л","",herbitsydy,"Гербіцид",5.7,4.75,5.23,USD,"terts-rk-nertus","Терц, РК","20 л",econom,39
1126,existing,"Нертус","Нертус","Фоліо, КЕ","5 л","пропізохлор, 580 г/л; флурохлорідон, 200 г/л","",herbitsydy,"Гербіцид",26.76,22.3,24.53,USD,"folio-ke-nertus","Фоліо, КЕ","5 л",econom,41
1127,existing,"Нопосон","Нопосон","АВАТАР","20 л","Ацетохлор, 900г/л","1,5-3 л/га",herbitsydy,"Гербіцид",5.68,4.74,5.21,USD,"avatar-noposon","АВАТАР","20 л",econom,4
1128,existing,"Нопосон","Нопосон","БЕЛЕНУС","20 л","Пропізохлор, 720 г/л","2,0-3,0 л/га",herbitsydy,"Гербіцид",5.71,4.76,5.24,USD,"belenus-noposon","БЕЛЕНУС","20 л",econom,13
1129,existing,"Нопосон","Нопосон","ГЕФЕСТ","20 л","Гліфосат, 480 г/л","2-6 л/га",herbitsydy,"Гербіцид",3.47,2.89,3.18,USD,"hefest-noposon","ГЕФЕСТ","20 л",econom,5
1130,existing,"Нопосон","Нопосон","ГЕФЕСТ ПРО","20 л","Калійна сіль гліфосату 614 г/л
 (у кислотному еквіваленті 500 г/л)","1,5-4,0л/га",herbitsydy,"Гербіцид",5.02,4.18,4.6,USD,"hefest-pro-noposon","ГЕФЕСТ ПРО","20 л",econom,8
1131,existing,"Нопосон","Нопосон","ЗАГРЕЙ","20 л","S-метолахлор 312,5 г/л + тербутилазин 187,5 г/л","3-4,5 л/га",herbitsydy,"Гербіцид",5.76,4.8,5.28,USD,"zahrei-noposon","ЗАГРЕЙ","20 л",econom,9
1132,existing,"Нопосон","Нопосон","САТІС","5 л","2,4-Д2-етилгексиловий ефір, 452 г/л+флорасулам, 6,25 г/л","0,4-0,6 л/га",herbitsydy,"Гербіцид",5.17,4.31,4.74,USD,"satis-noposon","САТІС","5 л",econom,14
1133,existing,"Нопосон","Нопосон","ТІТОН","5 л","Нікосульфурон, 80 г/л","0,62-0,82 л/га",herbitsydy,"Гербіцид",8.86,7.38,8.12,USD,"titon-noposon","ТІТОН","5 л",econom,11
1134,existing,"Нопосон","Нопосон","ТІТОН ДУО","20 л","Нікосульфурон, 30 г/л +мезотріон, 75 г/л","1,25-2,0 л/га",herbitsydy,"Гербіцид",9.59,8,8.8,USD,"titon-duo-noposon","ТІТОН ДУО","20 л",econom,12
1135,existing,"Нопосон","Нопосон","ТОРЛАЙТІНГ","10 л","Імазапір,15г/л+імазамокс,33г/л","1,0-1,2л/г",herbitsydy,"Гербіцид",9.45,7.87,8.66,USD,"torlayting-noposon","ТОРЛАЙТІНГ","10 л",econom,15
1136,existing,"Нопосон","Нопосон","ХЕПІ СТАР","0.5 кг","Трибенуронметил, 750 г/кг","15-25 г/га",herbitsydy,"Гербіцид",26.57,22.14,24.35,USD,"hepi-star-noposon","ХЕПІ СТАР","0,5 кг",econom,3
1249,existing,"Укравіт","Укравіт","Агент, СЕ","5 л","2,4-Д 2-етилгексиловий ефір, 452 г/л + флорасулам, 6,25 г/л","",herbitsydy,"Гербіцид",7.25,6.04,6.64,USD,"ahent-se-ukravit","Агент, СЕ","5 л",premium,4
1250,existing,"Укравіт","Укравіт","Агростар, РК","20 л","МЦПА у формі амінної солі, 500 г/л","",herbitsydy,"Гербіцид",9.32,7.76,8.54,USD,"ahrostar-rk-ukravit","Агростар, РК","20 л",premium,5
1251,existing,"Укравіт","Укравіт","Варяг Тріо, СЕ","20 л","Метолахлор, 380 г/л + тербутилазин, 130 г/л + мезотріон, 38 г/л","",herbitsydy,"Гербіцид",9.2,7.67,8.44,USD,"varyah-trio-se-ukravit","Варяг Тріо, СЕ","20 л",premium,10
1252,existing,"Укравіт","Укравіт","Варяг, КЕ","20 л","Метолахлор, 315 г/л + тербутилазин, 190 г/л","",herbitsydy,"Гербіцид",7.48,6.23,6.85,USD,"varyah-ke-ukravit","Варяг, КЕ","20 л",premium,9
1253,existing,"Укравіт","Укравіт","Вейрон КС","1 л","Флуметсулам, 120 г/л + Флорасулам, 80 г/л","",herbitsydy,"Гербіцид",80.5,67.08,73.79,USD,"veiron-ks-ukravit","Вейрон КС","1 л",premium,11
1254,existing,"Укравіт","Укравіт","Віталон Експерт, КЕ","5 л","Десмедифам, 71 г/л + фенмедифам, 91 г/л + етофумезат, 112 г/л","",herbitsydy,"Гербіцид",16.9,14.09,15.5,USD,"vitalon-ekspert-ke-ukravit","Віталон Експерт, КЕ","5 л",premium,12
1255,existing,"Укравіт","Укравіт","Галант,РК","20 л","Глюфосинат амонію, 150 г/л","",herbitsydy,"Гербіцид",4.6,3.83,4.21,USD,"halant-rk-ukravit","Галант,РК","20 л",premium,16
1257,existing,"Укравіт","Укравіт","Гліфовіт, РК","1000(куб)","Ізопропіламінна сіль гліфосату, 480 г/л","",herbitsydy,"Гербіцид",4.43,3.69,4.06,USD,"hlifovit-rk-ukravit","Гліфовіт, РК","1000(куб)",premium,18
1258,existing,"Укравіт","Укравіт","Голд Стар, ВГ","0.05 л","Трибенурон-метил, 750 г/кг","",herbitsydy,"Гербіцид",34.5,28.75,31.63,USD,"hold-star-vh-ukravit","Голд Стар, ВГ","0.05 л",premium,22
1259,existing,"Укравіт","Укравіт","Голдікс, КС","5 л","Метамітрон, 700 г/л","",herbitsydy,"Гербіцид",34.5,28.75,31.63,USD,"holdiks-ks-ukravit","Голдікс, КС","5 л",premium,24
1260,existing,"Укравіт","Укравіт","Датоніт Голд, КЕ","5 л","Метолахлор, 960 г/л","",herbitsydy,"Гербіцид",12.65,10.54,11.59,USD,"datonit-hold-ke-ukravit","Датоніт Голд, КЕ","5 л",premium,25
1261,existing,"Укравіт","Укравіт","Диво Н, РК","5 л","Дикамба у формі амінної сілі, 480 г/л","",herbitsydy,"Гербіцид",15.53,12.94,14.23,USD,"dyvo-n-rk-ukravit","Диво Н, РК","5 л",premium,26
1262,existing,"Укравіт","Укравіт","Імі-Віт,РК","20 л","Імазамокс, 40 г/л","",herbitsydy,"Гербіцид",10.93,9.1,10.01,USD,"imi-vit-rk-ukravit","Імі-Віт,РК","20 л",premium,28
1263,existing,"Укравіт","Укравіт","Кайліс, КС","20 л","Аклоніфен, 600 г/л","",herbitsydy,"Гербіцид",23,19.17,21.09,USD,"kailis-ks-ukravit","Кайліс, КС","20 л",premium,29
1264,existing,"Укравіт","Укравіт","Квін Стар Макс, КЕ","20 л","Хізалофоп-П-етил, 125 г/л","",herbitsydy,"Гербіцид",10,8.34,9.17,USD,"kvin-star-maks-ke-ukravit","Квін Стар Макс, КЕ","20 л",premium,31
1266,existing,"Укравіт","Укравіт","Клайнер, ВГ","0.05 л","Сульфосульфурон, 750 г/кг","",herbitsydy,"Гербіцид",425.5,354.58,390.04,USD,"klainer-vh-ukravit","Клайнер, ВГ","0.05 л",premium,34
1267,existing,"Укравіт","Укравіт","Командир, КЕ","5 л","Кломазон, 480 г/л","",herbitsydy,"Гербіцид",16.1,13.42,14.76,USD,"komandyr-ke-ukravit","Командир, КЕ","5 л",premium,33
1268,existing,"Укравіт","Укравіт","Лаплас, ВГ Новинка","0.25 л","Трибенурон-метил, 375г/кг + флорасулам, 140г/кг + флуметсулам, 125г/кг","",herbitsydy,"Гербіцид",112.7,93.92,103.31,USD,"laplas-vh-novynka-ukravit","Лаплас, ВГ Новинка","0.25 л",premium,35
1269,existing,"Укравіт","Укравіт","Макстар, РК","5 л","флуроксипір-метил, 250г/л","",herbitsydy,"Гербіцид",19.55,16.29,17.92,USD,"makstar-rk-ukravit","Макстар, РК","5 л",premium,36
1270,existing,"Укравіт","Укравіт","Мастак, РК","5 л","Клопіралід, 300 г/л","",herbitsydy,"Гербіцид",21.85,18.21,20.03,USD,"mastak-rk-ukravit","Мастак, РК","5 л",premium,37
1271,existing,"Укравіт","Укравіт","Міладар Дуо, КС","20 л","Мезотріон, 100 г/л + нікосульфурон, 45 г/л","",herbitsydy,"Гербіцид",17.83,14.85,16.34,USD,"miladar-duo-ks-ukravit","Міладар Дуо, КС","20 л",premium,41
1272,existing,"Укравіт","Укравіт","Міладар, КС","20 л","Нікосульфурон, 45 г/л","",herbitsydy,"Гербіцид",7.13,5.94,6.53,USD,"miladar-ks-ukravit","Міладар, КС","20 л",premium,39
1273,existing,"Укравіт","Укравіт","Молвіт, КЕ","5 л","Трінексапак-етил, 250 г/л","",herbitsydy,"Гербіцид",33.35,27.79,30.57,USD,"molvit-ke-ukravit","Молвіт, КЕ","5 л",premium,142
1274,existing,"Укравіт","Укравіт","Нарапс, РК","5 л","Клопіралід, 267 г/л + піклорам, 67 г/л","",herbitsydy,"Гербіцид",26.45,22.04,24.24,USD,"naraps-rk-ukravit","Нарапс, РК","5 л",premium,42
1275,existing,"Укравіт","Укравіт","Панда, КЕ","20 л","Пендиметалін, 330 г/л","",herbitsydy,"Гербіцид",11.5,9.58,10.54,USD,"panda-ke-ukravit","Панда, КЕ","20 л",premium,43
1276,existing,"Укравіт","Укравіт","Пікадор, РК","20 л","Імазетапір, 100 г/л","",herbitsydy,"Гербіцид",9.2,7.67,8.44,USD,"pikador-rk-ukravit","Пікадор, РК","20 л",premium,44
1277,existing,"Укравіт","Укравіт","Селеніт Макс, КЕ","5 л","Клетодим, 240 г/л","",herbitsydy,"Гербіцид",16.67,13.9,15.29,USD,"selenit-maks-ke-ukravit","Селеніт Макс, КЕ","5 л",premium,45
1278,existing,"Укравіт","Укравіт","Стелавіт, РК","5;20","Топрамезон, 50г/л","",herbitsydy,"Гербіцид",25.3,21.08,23.19,USD,"stelavit-rk-ukravit","Стелавіт, РК","5;20",premium,47
1279,existing,"Укравіт","Укравіт","Стелс, КЕ","20 л","Флурохлорідон, 250 г/л","",herbitsydy,"Гербіцид",23,19.17,21.09,USD,"stels-ke-ukravit","Стелс, КЕ","20 л",premium,46
1280,existing,"Укравіт","Укравіт","Тернат, КС","20 л","Тербутилазин, 500 г/л","",herbitsydy,"Гербіцид",7.48,6.23,6.85,USD,"ternat-ks-ukravit","Тернат, КС","20 л",premium,48
1281,existing,"Укравіт","Укравіт","Тівітус, ВГ","0.05 л","Римсульфурон, 250 г/кг","",herbitsydy,"Гербіцид",109.25,91.04,100.14,USD,"tivitus-vh-ukravit","Тівітус, ВГ","0.05 л",premium,49
1282,existing,"Укравіт","Укравіт","Тізер, КЕ","20 л","Пропізохлор, 720 г/л","",herbitsydy,"Гербіцид",7.48,6.23,6.85,USD,"tizer-ke-ukravit","Тізер, КЕ","20 л",premium,50
1283,existing,"Укравіт","Укравіт","Флагман, РК","20 л","Бентазон, 480 г/л","",herbitsydy,"Гербіцид",11.73,9.77,10.75,USD,"flahman-rk-ukravit","Флагман, РК","20 л",premium,51
1284,existing,"Укравіт","Укравіт","Формула, ВГ","0.05 л","Тифенсульфурон-метил, 750 г/кг","",herbitsydy,"Гербіцид",97.75,81.46,89.61,USD,"formula-vh-ukravit","Формула, ВГ","0.05 л",premium,52
1285,existing,"Укравіт","Укравіт","Хортус, КЕ","20 л","Ацетохлор, 900 г/л","",herbitsydy,"Гербіцид",7.71,6.42,7.06,USD,"khortus-ke-ukravit","Хортус, КЕ","20 л",premium,53
1298,existing,"ALFASMARTAGRO","Alfa Smart Agro","Альвіус, МД","5 л","нікосульфурон, 100г/л","",herbitsydy,"Гербіцид",15.41,12.84,14.12,USD,"alvius-md-alfa-smart-agro","Альвіус, МД","5 л",premium,36
1306,existing,"ALFASMARTAGRO","Alfa Smart Agro","Альфа-Стар, ВГ","0.5 кг","трибенурон-метил, 750 г/кг","0,015-0,025",herbitsydy,"Гербіцид",30.79,25.66,28.23,USD,"alfa-star-vh-alfa-smart-agro","Альфа-Стар, ВГ","0.5 кг",premium,44
1310,existing,"ALFASMARTAGRO","Alfa Smart Agro","Еледжі, КЕ","5 л","хізалофоп-П-тефурил,120г/л","",herbitsydy,"Гербіцид",26.4,22,24.2,USD,"eledzhi-ke-alfa-smart-agro","Еледжі, КЕ","5 л",premium,48
1311,existing,"ALFASMARTAGRO","Alfa Smart Agro","Елсвін, МЕ","5 л","клопіралід, 320г/л + піклорам, 80г/л + флуроксипір, 50г/л","",herbitsydy,"Гербіцид",29.04,24.2,26.62,USD,"elsvin-me-alfa-smart-agro","Елсвін, МЕ","5 л",premium,49
1312,existing,"ALFASMARTAGRO","Alfa Smart Agro","Еталон, КС","20 л","ацетохлор, 900 г/л","2,0-6,0",herbitsydy,"Гербіцид",5.48,4.57,5.03,USD,"etalon-ks-alfa-smart-agro","Еталон, КС","20 л",premium,50
1313,existing,"ALFASMARTAGRO","Alfa Smart Agro","Кайман, КЕ","5 л","хізалофоп-п-етил, 60 г/л + клетодим, 120 г/л","0,6-1,2",herbitsydy,"Гербіцид",12.65,10.54,11.59,USD,"kaiman-ke-alfa-smart-agro","Кайман, КЕ","5 л",premium,51
1314,existing,"ALFASMARTAGRO","Alfa Smart Agro","Кампус, КЕ","20 л","пропізохлор, 720 г/л","",herbitsydy,"Гербіцид",4.96,4.13,4.54,USD,"kampus-ke-alfa-smart-agro","Кампус, КЕ","20 л",premium,52
1315,existing,"ALFASMARTAGRO","Alfa Smart Agro","Конкур, КС","5 л","метрибузин, 600 г/л","0,3-1,1",herbitsydy,"Гербіцид",26.4,22,24.2,USD,"konkur-ks-alfa-smart-agro","Конкур, КС","5 л",premium,56
1316,existing,"ALFASMARTAGRO","Alfa Smart Agro","Контролер, ЗП","упак. 0,6кг","трифлусульфурон-метил, 500 г/л","0.03",herbitsydy,"Гербіцид",95.7,79.75,87.73,USD,"kontroler-zp-alfa-smart-agro","Контролер, ЗП","упак. 0,6кг",premium,57
1317,existing,"ALFASMARTAGRO","Alfa Smart Agro","Левіас, КЕ","5 л","кломазон, 48 г/л","",herbitsydy,"Гербіцид",10.45,8.71,9.58,USD,"levias-ke-alfa-smart-agro","Левіас, КЕ","5 л",premium,53
1318,existing,"ALFASMARTAGRO","Alfa Smart Agro","Лендінг, КС","20 л","аклоніфен, 600 г/л","",herbitsydy,"Гербіцид",19.8,16.5,18.15,USD,"lendinh-ks-alfa-smart-agro","Лендінг, КС","20 л",premium,54
1319,existing,"ALFASMARTAGRO","Alfa Smart Agro","Лівендор, МЕ","10 л","МЦПА у формі диметиламінної солі, 519,6г/л(у кислотному 400г/л)+ флорасулам, 4г/л + ізоксадифен-етил, 10г/л","",herbitsydy,"Гербіцид",10.33,8.61,9.47,USD,"livendor-me-alfa-smart-agro","Лівендор, МЕ","10 л",premium,55
1320,existing,"ALFASMARTAGRO","Alfa Smart Agro","Лобера, КЕ","5 л","хізалофоп-п-етил, 150 г/л","0,4-1,2",herbitsydy,"Гербіцид",9.9,8.25,9.08,USD,"lobera-ke-alfa-smart-agro","Лобера, КЕ","5 л",premium,58
1321,existing,"ALFASMARTAGRO","Alfa Smart Agro","Містард, ВГ","флакон 0,5 кг","трибенурон-метил, 750 г/кг","0,030-0,050",herbitsydy,"Гербіцид",41.81,34.84,38.32,USD,"mistard-vh-alfa-smart-agro","Містард, ВГ","флакон 0,5 кг",premium,59
1322,existing,"ALFASMARTAGRO","Alfa Smart Agro","Оскар Пауер, МД","10 л","пропізохлор, 610 г/л +  тербутилазин, 290 г/л","",herbitsydy,"Гербіцид",10.66,8.88,9.77,USD,"oskar-pauer-md-alfa-smart-agro","Оскар Пауер, МД","10 л",premium,60
1323,existing,"ALFASMARTAGRO","Alfa Smart Agro","Оскар Преміум, СЕ","10 л","пропізохлор, 450 г/л +  тербутилазин, 215 г/л","3,2-4,0",herbitsydy,"Гербіцид",7.87,6.56,7.22,USD,"oskar-premium-se-alfa-smart-agro","Оскар Преміум, СЕ","10 л",premium,61
1324,existing,"ALFASMARTAGRO","Alfa Smart Agro","Отаман Екстра, РК","20 л","гліфосат кислота 540 г/л (калійна сіль)","1,4-4,0",herbitsydy,"Гербіцид",5.3,4.42,4.86,USD,"otaman-ekstra-rk-alfa-smart-agro","Отаман Екстра, РК","20 л",premium,63
1325,existing,"ALFASMARTAGRO","Alfa Smart Agro","Отаман, РК","20 л","гліфосат кислота, 360 г/л (ізопропіламінна сіль)","2,0-6,0",herbitsydy,"Гербіцид",3.53,2.94,3.23,USD,"otaman-rk-alfa-smart-agro","Отаман, РК","20 л",premium,62
1326,existing,"ALFASMARTAGRO","Alfa Smart Agro","Рамзес, ВГ","флакон 0,5кг","римсульфурон, 250 г/к","0,04-0,05",herbitsydy,"Гербіцид",92.94,77.45,85.2,USD,"ramzes-vh-alfa-smart-agro","Рамзес, ВГ","флакон 0,5кг",premium,64
1327,existing,"ALFASMARTAGRO","Alfa Smart Agro","Сантал, РК","10 л","імазамокс, 33 г/л +  імазапір, 15 г/л","1,0-1,2",herbitsydy,"Гербіцид",16.5,13.75,15.13,USD,"santal-rk-alfa-smart-agro","Сантал, РК","10 л",premium,66
1328,existing,"ALFASMARTAGRO","Alfa Smart Agro","Сігур, ВГ + ПАР Омега Плюс","флакон 0,5 кг + каністра 1 л","мезотріон 515 г/кг + нікосульфурон 200 г/кг + римсульфурон 35 г/кг","0,2-0,3",herbitsydy,"Гербіцид",73.15,60.96,67.06,USD,"sihur-vh-par-omeha-plyus-alfa-smart-agro","Сігур, ВГ + ПАР Омега Плюс","флакон 0,5 кг + каністра 1 л",premium,67
1329,existing,"ALFASMARTAGRO","Alfa Smart Agro","Сокар, РК","20 л","гліфосат кислота, 436 г/л (амонійна сіль)","2,0-5,0",herbitsydy,"Гербіцид",4.5,3.75,4.13,USD,"sokar-rk-alfa-smart-agro","Сокар, РК","20 л",premium,65
1330,existing,"ALFASMARTAGRO","Alfa Smart Agro","Тейп Екстра, КС","20 л","Тербутилазин, 187,5 г/л+ S-метолахлор, 312,5 г/л","",herbitsydy,"Гербіцид",5.32,4.43,4.87,USD,"teip-ekstra-ks-alfa-smart-agro","Тейп Екстра, КС","20 л",premium,68
1331,existing,"ALFASMARTAGRO","Alfa Smart Agro","Триатлон Прайм, ВГ","флакон 0,5кг","тифенсульфурон-метил, 250 г/кг + трибенурон-метил, 250 г/кг + флорасулам, 100 г/кг+ антидот ізоксадифен-етил, 100г/кг","",herbitsydy,"Гербіцид",109.98,91.65,100.82,USD,"tryatlon-praim-vh-alfa-smart-agro","Триатлон Прайм, ВГ","флакон 0,5кг",premium,70
1332,existing,"ALFASMARTAGRO","Alfa Smart Agro","Триатлон, ВГ","флакон 0,5кг","тифенсульфурон-метил, 300 г/кг + трибенурон-метил, 300 г/кг + флорасулам, 100 г/кг","0,03-0,05",herbitsydy,"Гербіцид",109.99,91.66,100.83,USD,"tryatlon-vh-alfa-smart-agro","Триатлон, ВГ","флакон 0,5кг",premium,69
1333,existing,"ALFASMARTAGRO","Alfa Smart Agro","Тривіум, ВГ  + ПАР Бустер","флакон 0,5 кг + 2 каністри по 1 л","Римсульфурон, 250 г/кг + тифенсульфуронметил, 150 г/кг + флорасулам, 80 г/кг","0,04-0,05",herbitsydy,"Гербіцид",88.01,73.34,80.67,USD,"tryvium-vh-par-buster-alfa-smart-agro","Тривіум, ВГ + ПАР Бустер","флакон 0,5 кг + 2 каністри по 1 л",premium,71
1334,existing,"ALFASMARTAGRO","Alfa Smart Agro","Хаммер Дуо, СЕ","5 л","2-етилгексиловий ефір  2,4 Д, 491,5 г/л +  флорасулам, 8,5 г/л","0,3-0,5",herbitsydy,"Гербіцид",7.15,5.96,6.56,USD,"khammer-duo-se-alfa-smart-agro","Хаммер Дуо, СЕ","5 л",premium,73
1335,existing,"ALFASMARTAGRO","Alfa Smart Agro","Хаммер, ВГ","флакон 0,5кг","флорасулам, 250 г/кг","0,02-0,025",herbitsydy,"Гербіцид",87.89,73.24,80.56,USD,"khammer-vh-alfa-smart-agro","Хаммер, ВГ","флакон 0,5кг",premium,72
1336,existing,"ALFASMARTAGRO","Alfa Smart Agro","Юкон, КС","20 л","Тербутилазин, 500 г/л","",herbitsydy,"Гербіцид",5.35,4.46,4.91,USD,"yukon-ks-alfa-smart-agro","Юкон, КС","20 л",premium,74
1337,existing,"Himagro","Himagro","ТОТАЛ К, ВР","20 л","калійна сіль гліфосату, 625 г/л в кислому еквіваленті 500  г/л","1,5 - 4,0",herbitsydy,"Гербіцид",5.06,4.22,4.64,USD,"total-k-vr-himagro","ТОТАЛ К, ВР","20 л",econom,82
1338,existing,"Himagro","Himagro","ТОТАЛ, РК","20 л","сіль гліфосату, 480 г/л в кислому еквіваленті 360 г/л","2,0 - 6,0",herbitsydy,"Гербіцид",3.62,3.02,3.32,USD,"total-rk-himagro","ТОТАЛ, РК","20 л",econom,78
1340,existing,"PEST.UA","PEST.UA","Берген, РК","20 л","Тербутилазин, 500 г/л","1,5-3,0",herbitsydy,"Гербіцид",5.12,4.26,4.69,USD,"berhen-rk-pest-ua","Берген, РК","20 л",econom,8
1341,existing,"PEST.UA","PEST.UA","Мигель, КС","5 л","нікосульфурон, 40 г/л","1-1,25",herbitsydy,"Гербіцид",5.27,4.39,4.83,USD,"myhel-ks-pest-ua","Мигель, КС","5 л",econom,20
1342,existing,"PEST.UA","PEST.UA","Прагмат, КЕ","20 л","ацетохлор, 900 г/л","1,5 - 3,0",herbitsydy,"Гербіцид",5.34,4.45,4.9,USD,"prahmat-ke-pest-ua","Прагмат, КЕ","20 л",econom,22
1343,existing,"PEST.UA","PEST.UA","Просперо, КС","20 л","прометрин, 500 г/л","2,0 - 4,0",herbitsydy,"Гербіцид",4.83,4.03,4.43,USD,"prospero-ks-pest-ua","Просперо, КС","20 л",econom,24
1344,existing,"PEST.UA","PEST.UA","Пунктир, ВГ","упак. 0,5 кг","нікосульфурон, 750 г/л","0,05 - 0,07",herbitsydy,"Гербіцид",63.85,53.21,58.53,USD,"punktyr-vh-pest-ua","Пунктир, ВГ","упак. 0,5 кг",econom,25
1345,existing,"PEST.UA","PEST.UA","Спінер Екстра, РК","20 л","калійна сіль гліфосату , 540 г/л","2,5 - 6,0",herbitsydy,"Гербіцид",4.85,4.04,4.44,USD,"spiner-ekstra-rk-pest-ua","Спінер Екстра, РК","20 л",econom,27
1346,existing,"PEST.UA","PEST.UA","Спінер, РК","20 л","ізопропіламінна сіль гліфосату, 480 г/л","2,5 - 6,0",herbitsydy,"Гербіцид",3.38,2.82,3.1,USD,"spiner-rk-pest-ua","Спінер, РК","20 л",econom,26
1347,existing,"PEST.UA","PEST.UA","Стівен, КЕ","20 л","пропізохлор, 720 г/л","2,0 - 3,0",herbitsydy,"Гербіцид",4.91,4.09,4.5,USD,"stiven-ke-pest-ua","Стівен, КЕ","20 л",econom,28
1348,existing,"PEST.UA","PEST.UA","Трономіт, ВГ","флакон 0,5 кг","римсульфурон, 250 г/кг","0.05",herbitsydy,"Гербіцид",76.04,63.37,69.71,USD,"tronomit-vh-pest-ua","Трономіт, ВГ","флакон 0,5 кг",econom,31
1378,new-sku,"Нопосон","Нопосон","ГЕФЕСТ ПАУЕР","10 кг","Гліфосат, 800 г/кг(еквівалент 888 г/кг амонійної солі)","0,9-4,5кг/га",herbitsydy,"Гербіцид",8.86,7.38,8.12,USD,"","","",,6
1379,new-sku,"Нопосон","Нопосон","ГЕФЕСТ ІДЕАЛ","10 кг","Гліфосату моноамонійна сіль - 757 г/кг","1,0-4,5кг/га",herbitsydy,"Гербіцид",6.64,5.54,6.09,USD,"","","",,7
1380,new-sku,"Нопосон","Нопосон","ГРОЗА","0.5 кг","Метрибузин, 700 г/кг","0,25-1кг/га",herbitsydy,"Гербіцид",23.1,19.25,21.18,USD,"","","",,10
1381,new-sku,"Нопосон","Нопосон","БАЛОР","5 л","Хізалофоп-п-етил, 125 г/л","0,6-1,2 л/га",herbitsydy,"Гербіцид",8.12,6.77,7.45,USD,"","","",,16
1382,new-sku,"Нопосон","Нопосон","Клетект МЕГА","5 л","Клетодим, 300 г/л","0,25-0,6л/га",herbitsydy,"Гербіцид",9.74,8.12,8.93,USD,"","","",,17
1383,new-sku,"Нопосон","Нопосон","КлетАКТИВ","5 л","Суміш жирних кислот рослиного походження","0,3-0,8л/га",herbitsydy,"Гербіцид",5.9,4.92,5.41,USD,"","","",,30
1384,new-sku,"Нертус","Нертус","Адвокат, КС","5 л","метрибузин,  600 г/л","",herbitsydy,"Гербіцид",22.11,18.43,20.27,USD,"","","",,3
1385,new-sku,"Нертус","Нертус","Аргумент Форте 500 SL, РК","20 л","калійна сіль гліфосату, у кислотному екв., 500 г/л","",herbitsydy,"Гербіцид",5.42,4.51,4.96,USD,"","","",,6
1386,new-sku,"Нертус","Нертус","Аргумент Форте 500 SL, РК","1 л","калійна сіль гліфосату, у кислотному екв., 500 г/л","",herbitsydy,"Гербіцид",6.11,5.09,5.6,USD,"","","",,7
1387,new-sku,"Нертус","Нертус","Бату, РГ","банка 0,25, 0,3, 0,5 кг","римсульфурон, 500 г/кг; тифенсульфурон-метил, 250 г/кг","",herbitsydy,"Гербіцид",118.43,98.69,108.56,USD,"","","",,8
1388,new-sku,"Нертус","Нертус","Воленс МЕ","5 л","ацифлоурфен, 200 г/л; кломазон, 42 г/л","",herbitsydy,"Гербіцид",17.9,14.91,16.4,USD,"","","",,9
1389,new-sku,"Нертус","Нертус","Володар Форте, РК NEW","","2-метил-4-хлорфериксиоцтова кислота у формі диметиламінної солі, 750г/л, у кислотному еквіваленті, 613г/л","",herbitsydy,"Гербіцид",8.7,7.25,7.98,USD,"","","",,10
1390,new-sku,"Нертус","Нертус","Грізний, ВГ","банка 0,25, 0,3, 0,5 кг","трибенурон-метил, 750 г/кг","",herbitsydy,"Гербіцид",45.8,38.16,41.98,USD,"","","",,12
1391,new-sku,"Нертус","Нертус","Грізний Експерт, ВГ","банка 0,25, 0,3, 0,5 кг","трибенурон-метил, 750 г/кг","",herbitsydy,"Гербіцид",57.63,48.03,52.83,USD,"","","",,13
1392,new-sku,"Нертус","Нертус","Декабрист 480, РК","5 л","дикамба, 480 г/л","",herbitsydy,"Гербіцид",11.79,9.83,10.81,USD,"","","",,14
1393,new-sku,"Нертус","Нертус","Евро-Ланг, р.к","5 л","імазетапір, 100 г/л, біоактиватор NN-21","",herbitsydy,"Гербіцид",7.89,6.58,7.24,USD,"","","",,15
1394,new-sku,"Нертус","Нертус","Евро-Ленд, РК","5 л","імазамокс, 33 г/л; імазапір, 15 г/л","",herbitsydy,"Гербіцид",16.22,13.51,14.86,USD,"","","",,16
1395,new-sku,"Нертус","Нертус","Евро-Ленд, РК","1 л","імазамокс, 33 г/л; імазапір, 15 г/л","",herbitsydy,"Гербіцид",17.33,14.44,15.88,USD,"","","",,17
1396,new-sku,"Нертус","Нертус","Ефірон, КЕ","5 л","2-етилгексиловый ефір 2,4-Д , 564 г/л","",herbitsydy,"Гербіцид",8.19,6.83,7.51,USD,"","","",,18
1397,new-sku,"Нертус","Нертус","Ефірон, КЕ","20 л","2-етилгексиловый ефір 2,4-Д , 564 г/л","",herbitsydy,"Гербіцид",7.73,6.44,7.08,USD,"","","",,19
1398,new-sku,"Нертус","Нертус","Капрал, КС","5л, 20л","прометрин, 500 г/л","",herbitsydy,"Гербіцид",5.55,4.63,5.09,USD,"","","",,20
1399,new-sku,"Нертус","Нертус","Конвой, ВГ","0.25 кг","трибенурон-метил, 300 г/кг;      флорасулам, 105 г/кг;           триасульфурон, 95 г/кг","",herbitsydy,"Гербіцид",96.04,80.04,88.04,USD,"","","",,22
1400,new-sku,"Нертус","Нертус","Легенда, МД","5 л","мезотріон, 75 г/л +нікосульфурон, 30 г/л","",herbitsydy,"Гербіцид",12.56,10.46,11.51,USD,"","","",,23
1401,new-sku,"Нертус","Нертус","Лемур, КЕ","5 л","хізалафоп-П-тефурил, 40 г/л","",herbitsydy,"Гербіцид",11.06,9.21,10.13,USD,"","","",,24
1402,new-sku,"Нертус","Нертус","Мікадо, РК","5 л","клопіралід, 267 г/л; піклорам,67 г/л","",herbitsydy,"Гербіцид",19.78,16.49,18.14,USD,"","","",,26
1403,new-sku,"Нертус","Нертус","Мотор РК","5 л","імазамокс, 40 г/л","",herbitsydy,"Гербіцид",13.5,11.25,12.38,USD,"","","",,29
1404,new-sku,"Нертус","Нертус","Пріус, СЕ","5 л","флорасулам, 6,25 г/л; 2,4-Д етилгексиловый ефір, 452,42 г/л","",herbitsydy,"Гербіцид",7.5,6.25,6.88,USD,"","","",,31
1405,new-sku,"Нертус","Нертус","Сабер, ВГ","0.25 кг","трибенурон-метил,310 г/кг; флорасулам, 95 г/кг; флуметсулам, 95г/кг","",herbitsydy,"Гербіцид",92.1,76.75,84.43,USD,"","","",,32
1406,new-packaging,"Нертус","Нертус","Сентинел КЕ","20 л","пропізохлор, 576 г/л; метрибузин, 60 г/л","",herbitsydy,"Гербіцид",12.92,10.76,11.84,USD,"sentynel-ke-nertus","Сентинел КЕ","5 л",econom,34
1407,new-sku,"Нертус","Нертус","Серп, РК","10 л","імазетапір, 100 г/л","",herbitsydy,"Гербіцид",9.32,7.76,8.54,USD,"","","",,35
1408,new-sku,"Нертус","Нертус","Сонхус, ВГ","банка 0,25 кг","клопіралід, 750 г/кг","",herbitsydy,"Гербіцид",46.58,38.81,42.69,USD,"","","",,36
1409,new-sku,"Нертус","Нертус","Сокіл, КЕ","5 л","хізалафоп-П-етил, 125 г/л","",herbitsydy,"Гербіцид",8.51,7.09,7.8,USD,"","","",,37
1410,new-sku,"Нертус","Нертус","Табезон, РК","10л, 20л","бентазон, 480 г/л","",herbitsydy,"Гербіцид",9.39,7.83,8.61,USD,"","","",,38
1411,new-sku,"Нертус","Нертус","Фантастик, МД NEW","5 л","мезотріон, 75 г/л +нікосульфурон, 30 г/л, + тієнкарбазон-метил, 10г/л + ципросульфамід, 15г/л","",herbitsydy,"Гербіцид",26.89,22.41,24.65,USD,"","","",,40
1412,new-sku,"Нертус","Нертус","Цетодим, к.е. + ПАР Фофір","5л+15л","клетодим, 200 г/л","",herbitsydy,"Гербіцид",35.73,29.78,32.76,USD,"","","",,42
1413,new-sku,"Нертус","Нертус","Біммер, к.е.","10 л","діметоат, 400 г/л","",herbitsydy,"Гербіцид",8.1,6.75,7.43,USD,"","","",,67
1414,new-sku,"Нертус","Нертус","Дозор, ЗП","0.6 кг","феноксикарб, 250 г/кг","",herbitsydy,"Гербіцид",55.7,46.41,51.05,USD,"","","",,73
1415,new-sku,"Нертус","Нертус","Спікер, КЕ","5 л","Диметоат, 300г/л; бетаципереметрин, 40 г/л","",herbitsydy,"Гербіцид",9.32,7.76,8.54,USD,"","","",,80
1416,new-sku,"Нертус","Нертус","Вікінг, в.с.к. *у разі купівлі препарату більше 300л знижка 2,5%, більше 500л знижка 5%","20 л","карбоксин, 200 г/л; тирам, 200 г/л","",herbitsydy,"Гербіцид",9.4,7.84,8.62,USD,"","","",,92
1417,new-sku,"Нертус","Нертус","Фаер, ТН","1 л","тирам, 400 г/л; тібендазол, 20 г/л; металаксил-М, 116 г/л","",herbitsydy,"Гербіцид",37.73,31.44,34.58,USD,"","","",,98
1418,new-sku,"Нертус","Нертус","Талант ПАР","5 л","Етоксилат ізодецилового спирту, 900г/л","",herbitsydy,"Гербіцид",8.81,7.34,8.07,USD,"","","",,104
1419,new-sku,"PEST.UA","PEST.UA","Астарг, КЕ","5 л","Хізалофоп-П-етил, 125 г/л","0,4-0,8(0,8-1,2)",herbitsydy,"Гербіцид",7.35,6.12,6.73,USD,"","","",,6
1420,new-sku,"PEST.UA","PEST.UA","Бернар, ВР","20 л","бентазон, 480г/л","1,5-3,0",herbitsydy,"Гербіцид",8.18,6.81,7.49,USD,"","","",,9
1421,new-sku,"PEST.UA","PEST.UA","Вентура, КЕ","5 л","клетодим,120 г/л","0,8 - 1,8",herbitsydy,"Гербіцид",6.9,5.75,6.33,USD,"","","",,10
1422,new-sku,"PEST.UA","PEST.UA","Гюнтер, ВГ","5 л","Трибенурон-метил, 575 г/кг + флорасулам, 195 г/кг","0,3 - 0,5",herbitsydy,"Гербіцид",72.25,60.21,66.23,USD,"","","",,12
1423,new-sku,"PEST.UA","PEST.UA","Джуліан, РК","5 л","дикамба, 480 г/л","0,15 - 0,8",herbitsydy,"Гербіцид",10.7,8.91,9.8,USD,"","","",,13
1424,new-sku,"PEST.UA","PEST.UA","Пристар, ВГ","флакон 0,5 кг","трибенурон-метил, 750 г/кг","0,020 - 0,025",herbitsydy,"Гербіцид",22.97,19.14,21.05,USD,"","","",,23
1425,new-sku,"PEST.UA","PEST.UA","Торино, ВГ","упак. 0,1 кг","тифенсульфурон-метил, 750 г/кг","0,010 - 0,025",herbitsydy,"Гербіцид",80.27,66.89,73.58,USD,"","","",,30
1426,new-sku,"PEST.UA","PEST.UA","Юкатан, КЕ","5 л","кломазон, 480г/л","0,15-0,25",herbitsydy,"Гербіцид",9.52,7.94,8.73,USD,"","","",,33
1427,new-packaging,"ALFASMARTAGRO","Alfa Smart Agro","Альфа-Бентазон, РК","4*5л.","бентазон, 480 г/л","1,5-4,0",herbitsydy,"Гербіцид",8.15,6.79,7.47,USD,"alfa-bentazon-rk-alfa-smart-agro","Альфа-Бентазон, РК","5 л",premium,37
1428,new-packaging,"ALFASMARTAGRO","Alfa Smart Agro","Альфа-Бригадир, КЕ","4*5л.","десмедифам, 71 г/л + фенмедифам, 91 г/л + етофумезат, 112 г/л","1",herbitsydy,"Гербіцид",9.9,8.25,9.08,USD,"alfa-bryhadyr-ke-alfa-smart-agro","Альфа-Бригадир, КЕ","5 л",premium,38
1429,new-packaging,"ALFASMARTAGRO","Alfa Smart Agro","Альфа-Гетьман, КЕ","10л.","метолахлор, 960г/л","",herbitsydy,"Гербіцид",8.26,6.88,7.57,USD,"alfa-hetman-ke-alfa-smart-agro","Альфа-Гетьман, КЕ","10 л",premium,39
1430,new-packaging,"ALFASMARTAGRO","Alfa Smart Agro","Альфа-Дикамба, РК","4*5л.","дикамба, 480 г/л","0,15-0,8",herbitsydy,"Гербіцид",11.62,9.68,10.65,USD,"alfa-dykamba-rk-alfa-smart-agro","Альфа-Дикамба, РК","5 л",premium,40
1431,new-packaging,"ALFASMARTAGRO","Alfa Smart Agro","Альфа-Маїс, ВГ","4*5л.","тифенсульфурон-метил, 750 г/кг","0,006-0,020",herbitsydy,"Гербіцид",82.93,69.11,76.02,USD,"alfa-mayis-vh-alfa-smart-agro","Альфа-Маїс, ВГ","5 л",premium,41
1432,new-packaging,"ALFASMARTAGRO","Alfa Smart Agro","Альфа-Піралід, РК","4*5л.","клопіралід, 300 г/л","0,1-1,0",herbitsydy,"Гербіцид",24.1,20.08,22.09,USD,"alfa-piralid-rk-alfa-smart-agro","Альфа-Піралід, РК","5 л",premium,42
1433,new-packaging,"ALFASMARTAGRO","Alfa Smart Agro","Альфа-Прометрин, КС","4*5л.","прометрин, 500 г/л","2,0-5,0",herbitsydy,"Гербіцид",5.05,4.21,4.63,USD,"alfa-prometryn-ks-alfa-smart-agro","Альфа-Прометрин, КС","5 л",premium,43
1434,new-packaging,"ALFASMARTAGRO","Alfa Smart Agro","Антизлак, КЕ (тільки разом з ПАР Омега Екстра, КЕ, ціна за комплект 1:1)","4*5л.","клетодим, 240 г/л","0,4-0,8",herbitsydy,"Гербіцид",23.1,19.25,21.18,USD,"antyzlak-ke-tilky-razom-z-par-omeha-ekstra-ke-tsina-za-kompl","Антизлак, КЕ (тільки разом з ПАР Омега Екстра, КЕ, ціна за комплект 1:1)","5 л",premium,45
1435,new-packaging,"ALFASMARTAGRO","Alfa Smart Agro","Верітан, РК","4*5л.","імазамокс, 50 г/л","",herbitsydy,"Гербіцид",16.5,13.75,15.13,USD,"veritan-rk-alfa-smart-agro","Верітан, РК","5 л",premium,46
1436,new-packaging,"ALFASMARTAGRO","Alfa Smart Agro","Гладіатор, КС","4*5л.","метамітрон, 700 г/л","",herbitsydy,"Гербіцид",20.46,17.05,18.76,USD,"hladiator-ks-alfa-smart-agro","Гладіатор, КС","5 л",premium,47
1437,new-sku,"Himagro","Himagro","ЕТАФОРОН, ВГ","0.25 л","етаметсульфурон-метил, 750 г/кг","0,02-0,025",herbitsydy,"Гербіцид",207,172.5,189.75,USD,"","","",,4
1438,new-sku,"Himagro","Himagro","ЛУАЗИТ, КС","20 л","флуазифоп-п-бутил, 150 г/л","0,5-2,0",herbitsydy,"Гербіцид",12.65,10.54,11.59,USD,"","","",,5
1439,new-sku,"Himagro","Himagro","МАГІСТР, ВГ    *","1 кг","флуміоксазин, 510 г/кг","0,08-0,12",herbitsydy,"Гербіцид",92,76.67,84.34,USD,"","","",,9
1440,new-sku,"Himagro","Himagro","САРАЦИН, ЗП","0.25 кг","метсульфурон-метил, 600 г/кг","0,008-0,01",herbitsydy,"Гербіцид",26.45,22.04,24.24,USD,"","","",,10
1441,new-sku,"Himagro","Himagro","ТОТАЛ ПАУЕР, ВГ","10 кг","гліфосат, 800 г/кг (еквівалент 888 г/кг амонійної солі)","1,0-4,0",herbitsydy,"Гербіцид",8.28,6.9,7.59,USD,"","","",,11
1442,new-sku,"Himagro","Himagro","АВАНГАРД, КЕ","20 л","металохлор, 960 г/л","1,6 - 2,6",herbitsydy,"Гербіцид",11.5,9.58,10.54,USD,"","","",,15
1443,new-sku,"Himagro","Himagro","АМАДОР, ВГ","0.5 кг","амідосульфурон, 750 г/кг","0,02 - 0,03",herbitsydy,"Гербіцид",92,76.67,84.34,USD,"","","",,18
1444,new-sku,"Himagro","Himagro","ГЕРСОТИЛ, ВГ","0.5 кг","трибенурон-метил, 750 г/кг","0,015 - 0,025",herbitsydy,"Гербіцид",24.15,20.13,22.14,USD,"","","",,21
1445,new-sku,"Himagro","Himagro","ГОРИЗОНТ, КЕ","20 л","Фенмедифам 91г/л,  десмедифам,71 г/л, етофумезат 112 г/л","1,0 -3,0",herbitsydy,"Гербіцид",10.35,8.63,9.49,USD,"","","",,22
1446,new-sku,"Himagro","Himagro","ГОПЛИТ","1 л","Клетодим, 240г/л","0,5-0,8",herbitsydy,"Гербіцид",11.73,9.77,10.75,USD,"","","",,25
1447,new-sku,"Himagro","Himagro","Експерт Про (ГАВАНЬ +), МД","10 л","нікосульфурону 30 г/л + мезотріону 75 г/л","1,25–2,0",herbitsydy,"Гербіцид",11.27,9.39,10.33,USD,"","","",,28
1448,new-sku,"Himagro","Himagro","ЗЛАКОДИН, ВГ","0.2 кг","сульфосульфурон 750 г/кг","0,013-0,026",herbitsydy,"Гербіцид",310.5,258.75,284.63,USD,"","","",,30
1449,new-sku,"Himagro","Himagro","+ Поліамін, ВР","5 л","","0,4-0,6 л/га",herbitsydy,"Гербіцид",7.82,6.52,7.17,USD,"","","",,32
1450,new-sku,"Himagro","Himagro","КЛІНЕФЕКТ, ВГ","1 кг","імазамокс, 700 г/кг","0,06-0,08",herbitsydy,"Гербіцид",172.5,143.75,158.13,USD,"","","",,33
1451,new-sku,"Himagro","Himagro","КЛІНКОРН, МД   *","10 л","нікосульфурон 40 г/л  + флуроксипір 110 г/л","1,3-1,5",herbitsydy,"Гербіцид",11.5,9.58,10.54,USD,"","","",,34
1452,new-sku,"Himagro","Himagro","ОВЕРСАЙЗ","20 л","нікосульфурон 40 г/л  + мезотріон 70 г/л + тербутилазин, 200г/л","2,0-3,0",herbitsydy,"Гербіцид",17.25,14.38,15.82,USD,"","","",,36
1453,new-sku,"Himagro","Himagro","КРАТОС, КЕ","20 л","ацетохлор, 900 г/л","1,5 - 3,0",herbitsydy,"Гербіцид",5.64,4.7,5.17,USD,"","","",,38
1454,new-sku,"Himagro","Himagro","МІКОДИН, РК","20 л","2,4-Д, 334 г/л і дикамби кислоти, 120 г/л","0,5 - 1,23",herbitsydy,"Гербіцид",7.48,6.23,6.85,USD,"","","",,40
1455,new-sku,"Himagro","Himagro","НОРВЕЛ, КЕ","10 л","хізалофоп-п-етил  50 г/л","1,0 - 3,0",herbitsydy,"Гербіцид",6.67,5.56,6.12,USD,"","","",,43
1456,new-sku,"Himagro","Himagro","НОРВЕЛ ЕКСТРА, КЕ","20 л","хізалофоп-п-етил  125 г/л","1,0-1,24",herbitsydy,"Гербіцид",8.28,6.9,7.59,USD,"","","",,45
1457,new-sku,"Himagro","Himagro","ОПТИМУМ, РК","20 л","дикамба, 480 г/л","0,15 - 0,8",herbitsydy,"Гербіцид",10.58,8.82,9.7,USD,"","","",,52
1458,new-sku,"Himagro","Himagro","ОПОРА, КЕ","20 л","кломазон 480г/л","0.2",herbitsydy,"Гербіцид",10.35,8.63,9.49,USD,"","","",,56
1459,new-sku,"Himagro","Himagro","ОРІОН, ВГ","0.25 кг","тифенсульфурон-метил, 750 г/кг","0,008 - 0,015",herbitsydy,"Гербіцид",86.25,71.88,79.07,USD,"","","",,59
1460,new-sku,"Himagro","Himagro","ПОДМАРИН, КЕ","20 л","2-етилгексиловий ефір 2,4-Д 452,42 г/л і флорасулам 6,25 г/л","0,4 - 0,6",herbitsydy,"Гербіцид",6.67,5.56,6.12,USD,"","","",,60
1461,new-sku,"Himagro","Himagro","ПОЗИТИВ ПЛЮС, КС","20 л","прометрин, 500 г/л","2,0 - 4,0",herbitsydy,"Гербіцид",5.18,4.31,4.74,USD,"","","",,64
1462,new-sku,"Himagro","Himagro","ПРІОРИТЕТ, КС","20 л","нікосульфурон 40 г/л","1,0 - 1,25",herbitsydy,"Гербіцид",6.33,5.27,5.8,USD,"","","",,68
1463,new-sku,"Himagro","Himagro","ПРОТЕЖЕ, РК","20 л","бентазон, 560 г/л","1,5-2,5",herbitsydy,"Гербіцид",10.93,9.1,10.01,USD,"","","",,71
1464,new-sku,"Himagro","Himagro","ПУЛЬСАГРО, ВР","10 л","імазамокс, 33г/л, імазапір,15 г/л","1-1,2",herbitsydy,"Гербіцид",14.95,12.46,13.71,USD,"","","",,73
1465,new-sku,"Himagro","Himagro","СВЕКЛОФОР, КС","10 л","метамітрон, 700 г/л","5,0-6,0",herbitsydy,"Гербіцид",24.15,20.13,22.14,USD,"","","",,74
1466,new-sku,"Himagro","Himagro","СТУГНА","1 л","флорасулам, 250 г/л","0,02-0,025",herbitsydy,"Гербіцид",39.1,32.58,35.84,USD,"","","",,75
1467,new-sku,"Himagro","Himagro","ТРИСТАР, ВГ","0.350 кг","трибенурон-метил, 40 г/л, тифенсульфурон-метил,40 г/л, флуроксипір-мептил,360 г/л","0,350 г/га",herbitsydy,"Гербіцид",25.3,21.08,23.19,USD,"","","",,86
1468,new-sku,"Himagro","Himagro","ФЕРМЕР, КЕ","1 л","оксифлуорфен, 240 г/л","0,3 - 1,0",herbitsydy,"Гербіцид",25.3,21.08,23.19,USD,"","","",,87
1469,new-sku,"Himagro","Himagro","ФЛУМЕТ, ВГ    *","0.5 кг","флуметсулам 800 г/кг","0,015-0,06",herbitsydy,"Гербіцид",172.5,143.75,158.13,USD,"","","",,88
1470,new-sku,"Himagro","Himagro","ЦУКРОН +, РК","1 л","клопіралід 300 г/л","0,3 - 0,5",herbitsydy,"Гербіцид",24.15,20.13,22.14,USD,"","","",,89
1471,new-sku,"Himagro","Himagro","ЦУКРОН ПРОФІ, РК","1 л","клопіралід 267 г/л і піклорам, 67 г/л","0.35",herbitsydy,"Гербіцид",25.3,21.08,23.19,USD,"","","",,92
1472,new-sku,"АХТ","АХТ","Ацифен","20 л","Ацифлуорфен, 214 г/л","1,0-1,2",herbitsydy,"Гербіцид",13.25,11.04,12.14,USD,"","","",,3
1473,new-sku,"АХТ","АХТ","Геліос","20 л","Ізопропіламінна сіль гліфосату, 480 г/л","2,0-8,0",herbitsydy,"Гербіцид",3.66,3.05,3.36,USD,"","","",,4
1474,new-sku,"АХТ","АХТ","Геліос Екстра","20 л","Калійна сіль гліфосату, 663 г/л, у кислотному еквіваленті – 540 г/л","1,4-5,0",herbitsydy,"Гербіцид",5.5,4.58,5.04,USD,"","","",,5
1475,new-sku,"АХТ","АХТ","Геліос Максі","10 л","Амонійна сіль гліфосату, 757 г/л, у кислотному еквіваленті – 540 г/л","1,4-5,0",herbitsydy,"Гербіцид",7.34,6.12,6.73,USD,"","","",,6
1476,new-sku,"АХТ","АХТ","Гренадер","банка 0,5кг","трибенурон-метил, 750 г/кг","0,015-0,050",herbitsydy,"Гербіцид",31.63,26.36,29,USD,"","","",,7
1477,new-sku,"АХТ","АХТ","Гренадер Максі","банка 0,5кг","Трибенурон-метил, 562,5 г/кг + тифенсульфурон-метил, 187,5 г/кг","0,020-0,035",herbitsydy,"Гербіцид",55.34,46.12,50.73,USD,"","","",,8
1478,new-sku,"АХТ","АХТ","Дисулам","5 л","2-етилгексиловий ефір 2,4-Д, 452,42 г/л + флорасулам, 6,25 г/л","0,4-0,6",herbitsydy,"Гербіцид",6.04,5.03,5.53,USD,"","","",,9
1479,new-sku,"АХТ","АХТ","Ділар","2 кг","Клопіралід, 750 г/кг","0,12-0,2",herbitsydy,"Гербіцид",59.83,49.86,54.85,USD,"","","",,10
1480,new-sku,"АХТ","АХТ","Етасил","0.25 кг","етаметсульфурон- метил, 750 г/кг","0.025",herbitsydy,"Гербіцид",230.1,191.75,210.93,USD,"","","",,11
1481,new-sku,"АХТ","АХТ","Імпекс Дуо","10 л","імазамокс, 33 г/л + імазапір, 15 г/л","1,0-1,2",herbitsydy,"Гербіцид",16.73,13.94,15.33,USD,"","","",,12
1482,new-sku,"АХТ","АХТ","Клеріо","10 л","Клетодим, 360 г/л","",herbitsydy,"Гербіцид",24.28,20.23,22.25,USD,"","","",,13
1483,new-sku,"АХТ","АХТ","Клодекс Про","5 л","Кломазон, 480 г/л","0,15-0,7",herbitsydy,"Гербіцид",10.54,8.78,9.66,USD,"","","",,14
1484,new-sku,"АХТ","АХТ","Метризан","банка 0,5кг","Метрибузин, 700 г/кг","0,2-1,1",herbitsydy,"Гербіцид",28.7,23.92,26.31,USD,"","","",,15
1485,new-sku,"АХТ","АХТ","Мілафорт","10 л","Нікосульфурон , 40 г/л","1,0-1,25",herbitsydy,"Гербіцид",6.24,5.2,5.72,USD,"","","",,16
1486,new-sku,"АХТ","АХТ","Мілафорт Екстра","10 л","мезотріон, 75 г/л + нікосульфурон, 30 г/л","1,0-1,25",herbitsydy,"Гербіцид",12.22,10.18,11.2,USD,"","","",,17
1487,new-sku,"АХТ","АХТ","Мілафорт Про","5 л","нікосульфурон, 100 г/л","",herbitsydy,"Гербіцид",15.6,13,14.3,USD,"","","",,18
1488,new-sku,"АХТ","АХТ","Ореол Максі","10 л","Хізалофоп-п-етил, 125 г/л","0,5-1,2",herbitsydy,"Гербіцид",8.74,7.28,8.01,USD,"","","",,19
1489,new-sku,"АХТ","АХТ","Основа","20 л","Ацетохлор, 900 г/л","1,5-3,0",herbitsydy,"Гербіцид",5.66,4.72,5.19,USD,"","","",,20
1490,new-sku,"АХТ","АХТ","Промекс","20 л","Прометрин, 500 г/л","1,5-4,0",herbitsydy,"Гербіцид",5.18,4.32,4.75,USD,"","","",,21
1491,new-sku,"АХТ","АХТ","Пропазокс","20 л","Пропізохлор 720 г/л","2,0-3,0",herbitsydy,"Гербіцид",5.12,4.27,4.7,USD,"","","",,22
1492,new-sku,"АХТ","АХТ","Сульфоніл","банка 0,5кг","Нікосульфурон, 750 г/кг","0,05-0,07",herbitsydy,"Гербіцид",78.13,65.11,71.62,USD,"","","",,23
1493,new-sku,"АХТ","АХТ","Танаїс","банка 0,5кг","Римсульфурон 250 г/кг","0,04-0,05",herbitsydy,"Гербіцид",94.24,78.53,86.38,USD,"","","",,24
1494,new-sku,"АХТ","АХТ","Толазин Ультра","20 л","S-метолахлор 468 г/л; тербутилазин - 281 г/л","2,0-3,0",herbitsydy,"Гербіцид",8.21,6.84,7.52,USD,"","","",,25
1495,new-sku,"АХТ","АХТ","Трайден","банка 0,5кг","трибенурон-метил, 428 г/кг+ флорасулам, 160г/кг+ флуметсулам, 137г/кг","",herbitsydy,"Гербіцид",132.07,110.06,121.07,USD,"","","",,26
1496,new-sku,"АХТ","АХТ","Унісулам","банка 0,5кг","флорасулам 100 г/л","0,05-0,075",herbitsydy,"Гербіцид",34.55,28.79,31.67,USD,"","","",,27
1497,new-sku,"АХТ","АХТ","Агропав","5 л","Гетерополімерні ПАР","100мл/100л води",herbitsydy,"Гербіцид",3.05,2.54,2.79,USD,"","","",,54
1498,new-sku,"АХТ","АХТ","Агропав Екстра","5 л","Органосиліконові ПАР","25-100мл/100л води",herbitsydy,"Гербіцид",10.07,8.39,9.23,USD,"","","",,55
1499,new-sku,"АХТ","АХТ","Акваглайд","5 л","Спеціальна формуляція органічних кислот","0,05-0,15л/100л води",herbitsydy,"Гербіцид",4.69,3.91,4.3,USD,"","","",,56
1500,new-sku,"АХТ","АХТ","Протипен","0.2 л","ПАР на основі полідиметилсилоксану","10мл/250л або 40мл на 1000л води",herbitsydy,"Гербіцид",22.85,19.04,20.94,USD,"","","",,57
1501,new-sku,"АХТ","АХТ","Інгібітор уреази N-STAB","5 л","NBPT 267г/л (n-бутилтіофосфортриамід)","1,2-1,4л/1000л(КАС); 2,5-3,0/карбаміт",herbitsydy,"Гербіцид",27.8,23.17,25.49,USD,"","","",,62
1502,new-sku,"АХТ","АХТ","Трінекс","5 л","трінексапак-етил, 250 г/л","0,4-0,8",herbitsydy,"Гербіцид",27.36,22.8,25.08,USD,"","","",,64
1503,new-packaging,"Укравіт","Укравіт","Агростар, РК","10 л","МЦПА у формі амінної солі, 500 г/л","",herbitsydy,"Гербіцид",9.32,7.76,8.54,USD,"ahrostar-rk-ukravit","Агростар, РК","20 л",premium,6
1504,new-sku,"Укравіт","Укравіт","Антисапа, ВГ","5 л","Метрибузин, 700 г/л","",herbitsydy,"Гербіцид",29.9,24.92,27.41,USD,"","","",,7
1505,new-sku,"Укравіт","Укравіт","Антисапа Ліквід, ВГ","20 л","Метрибузин, 600 г/л","",herbitsydy,"Гербіцид",25.3,21.08,23.19,USD,"","","",,8
1506,new-packaging,"Укравіт","Укравіт","Віталон Експерт, КЕ","10 л","Десмедифам, 71 г/л + фенмедифам, 91 г/л + етофумезат, 112 г/л","",herbitsydy,"Гербіцид",16.9,14.09,15.5,USD,"vitalon-ekspert-ke-ukravit","Віталон Експерт, КЕ","5 л",premium,13
1507,new-packaging,"Укравіт","Укравіт","Генезис, РК","5 л","Імазомокс, 33г/л+Імазапір 15г/л","",herbitsydy,"Гербіцид",11.85,9.87,10.86,USD,"henezys-rk-ukravit","Генезис, РК","10, 20",premium,14
1508,new-packaging,"Укравіт","Укравіт","Генезис, РК","10.20 л","Імазомокс, 33г/л+Імазапір 15г/л","",herbitsydy,"Гербіцид",11.5,9.58,10.54,USD,"henezys-rk-ukravit","Генезис, РК","10, 20",premium,15
1509,new-packaging,"Укравіт","Укравіт","Гліфовіт, РК","20 л","Ізопропіламінна сіль гліфосату, 480 г/л","",herbitsydy,"Гербіцид",4.49,3.74,4.11,USD,"hlifovit-rk-ukravit","Гліфовіт, РК","1000(куб)",premium,17
1510,new-packaging,"Укравіт","Укравіт","Гліфовіт, РК","0.5 л","Ізопропіламінна сіль гліфосату, 480 г/л","",herbitsydy,"Гербіцид",34.5,28.75,31.63,USD,"hlifovit-rk-ukravit","Гліфовіт, РК","1000(куб)",premium,19
1511,new-sku,"Укравіт","Укравіт","Гліфовіт Екстра, РК","20 л","Гліфосат, 540 г/л, у формі калійної солі, 663 г/л","",herbitsydy,"Гербіцид",6.56,5.46,6.01,USD,"","","",,20
1512,new-sku,"Укравіт","Укравіт","Гліфовіт Екстра, РК","10 л","Гліфосат, 540 г/л, у формі калійної солі, 663 г/л","",herbitsydy,"Гербіцид",6.56,5.46,6.01,USD,"","","",,21
1513,new-sku,"Укравіт","Укравіт","Голд Стар Екстра, ВГ","0.07 л","Трибенурон-метил, 563 г/кг + тифенсульфурон-метил, 187 г/кг","",herbitsydy,"Гербіцид",51.75,43.13,47.44,USD,"","","",,23
1514,new-packaging,"Укравіт","Укравіт","Імі-Віт,РК","5 л","Імазамокс, 40 г/л","",herbitsydy,"Гербіцид",11.27,9.39,10.33,USD,"imi-vit-rk-ukravit","Імі-Віт,РК","20 л",premium,27
1515,new-packaging,"Укравіт","Укравіт","Кельт, КЕ","10.20 л","Флуазифоп-п-бутил, 150 г/л","",herbitsydy,"Гербіцид",14.95,12.46,13.71,USD,"kelt-ke-ukravit","Кельт, КЕ","10, 20",premium,30
1516,new-packaging,"Укравіт","Укравіт","Квін Стар Макс, КЕ","5 л","Хізалофоп-П-етил, 125 г/л","",herbitsydy,"Гербіцид",10.35,8.63,9.49,USD,"kvin-star-maks-ke-ukravit","Квін Стар Макс, КЕ","20 л",premium,32
1517,new-packaging,"Укравіт","Укравіт","Міладар, КС","5 л","Нікосульфурон, 45 г/л","",herbitsydy,"Гербіцид",7.48,6.23,6.85,USD,"miladar-ks-ukravit","Міладар, КС","20 л",premium,38
1518,new-packaging,"Укравіт","Укравіт","Міладар Дуо, КС","5 л","Мезотріон, 100 г/л + нікосульфурон, 45 г/л","",herbitsydy,"Гербіцид",18.17,15.14,16.65,USD,"miladar-duo-ks-ukravit","Міладар Дуо, КС","20 л",premium,40
1519,new-sku,"Укравіт","Укравіт","Енергодар, КС","1 л","Пропамокарб гідрохлорид, 530г/л + фосетил алюмінію, 310г/л","",herbitsydy,"Гербіцид",34.5,28.75,31.63,USD,"","","",,90
1520,new-sku,"Укравіт","Укравіт","Інферно,ВГ","25 кг","Сірка, 800 г/кг","",herbitsydy,"Гербіцид",3.45,2.88,3.17,USD,"","","",,95
1521,new-sku,"Укравіт","Укравіт","Феномен Прайм, ВГ","1 л","Каптан, 780 г/кг","",herbitsydy,"Гербіцид",16.1,13.42,14.76,USD,"","","",,114
1522,new-sku,"Укравіт","Укравіт","АС-Селектив, ТН","5 л","Тіаметоксам, 100г/л + флудиоксоніл, 20г/л + ацетамиприд, 100г/л","",herbitsydy,"Гербіцид",18.4,15.33,16.86,USD,"","","",,119
1523,new-sku,"Укравіт","Укравіт","Селфос, ТБ","1 л","Фосфід алюмінію, 560 г/кг","",herbitsydy,"Гербіцид",16.1,13.42,14.76,USD,"","","",,133
1524,new-sku,"Грін Експрес","Грін Експрес","Байндстрайк","10 л","флуроксипір 330 г/л","0,5-0,6 л/га",herbitsydy,"Гербіцид",22.54,18.78,20.66,USD,"","","",,7
1525,new-sku,"Грін Експрес","Грін Експрес","Бентагран","20 л","бентазон 480 г/л","1,5-3,0 л/га",herbitsydy,"Гербіцид",11.52,9.6,10.56,USD,"","","",,9
1526,new-sku,"Грін Експрес","Грін Експрес","Гамма Тотал","5 л","хізалофоп-п-етил 50 г/л","1,0-3,0 л/га",herbitsydy,"Гербіцид",8.38,6.98,7.68,USD,"","","",,11
1527,new-sku,"Грін Експрес","Грін Експрес","Гармонік","250 г","тифенсульфурон-метил 750 г/кг","6-15 г/га",herbitsydy,"Гербіцид",64.01,53.34,58.67,USD,"","","",,12
1528,new-sku,"Грін Експрес","Грін Експрес","Грамідін","5 л","клетодим 240 г/л","0,2-0,4 л/га",herbitsydy,"Гербіцид",17.04,14.2,15.62,USD,"","","",,13
1529,new-sku,"Грін Експрес","Грін Експрес","Гранд","500 г","трибенурон-метил 750 г/л","15-25 г/га",herbitsydy,"Гербіцид",40.16,33.47,36.82,USD,"","","",,14
1530,new-sku,"Грін Експрес","Грін Експрес","Гром Некст","20 л","калійна сіль гліфосату 660 г/л","2,0-4,0 л/га",herbitsydy,"Гербіцид",6.44,5.36,5.9,USD,"","","",,15
1531,new-sku,"Грін Експрес","Грін Експрес","Гром Тотал","20 л","ізопропіламінова сіль гліфосату 480 г/л","2,0-6,0 л/га",herbitsydy,"Гербіцид",5.59,4.66,5.13,USD,"","","",,16
1532,new-sku,"Грін Експрес","Грін Експрес","Дібензон","5 л","дифлубензурон 220г/л","",herbitsydy,"Гербіцид",12.57,10.48,11.53,USD,"","","",,17
1533,new-sku,"Грін Експрес","Грін Експрес","Д-Камба","10 л","дикамба 480 г/л","0,15-0,3 л/га; 0,4-0,8 л/га.",herbitsydy,"Гербіцид",13.42,11.18,12.3,USD,"","","",,18
1534,new-sku,"Грін Експрес","Грін Експрес","Драгун","10 л","хлорпирифос 480 г/л","0,5-2,5 л/га",herbitsydy,"Гербіцид",11.07,9.23,10.15,USD,"","","",,19
1535,new-sku,"Грін Експрес","Грін Експрес","Дуо Кватро Д","10 л","2,4 - Д, 2-етилгексиловий ефір, 875 г/л","0,5-2,5 л/га",herbitsydy,"Гербіцид",8.7,7.25,7.98,USD,"","","",,20
1536,new-sku,"Грін Експрес","Грін Експрес","Екран Екстра","20 л","ацетохлор 800 г/л антидот 80","2,0-3,5 л/га",herbitsydy,"Гербіцид",10.66,8.88,9.77,USD,"","","",,21
1537,new-sku,"Грін Експрес","Грін Експрес","Екран Є-формула","20 л","с-метолахлор 945 г/л + беноксакор 15 г/л","1,0-2,0 л/га",herbitsydy,"Гербіцид",14.14,11.78,12.96,USD,"","","",,22
1538,new-sku,"Грін Експрес","Грін Експрес","Екран Тотал","20 л","ацетохлор 900 г/л","1,5-3,0 л/га",herbitsydy,"Гербіцид",6.98,5.82,6.4,USD,"","","",,23
1539,new-sku,"Грін Експрес","Грін Експрес","Екстразін","20 л","тербутилазін 500 г/л","1,5-2,5 л/га",herbitsydy,"Гербіцид",6.84,5.7,6.27,USD,"","","",,24
1540,new-sku,"Грін Експрес","Грін Експрес","Ескорт Біо","20 л","ПАР","0,5-1,0 л/100л р.з",herbitsydy,"Гербіцид",6.64,5.53,6.08,USD,"","","",,25
1541,new-sku,"Грін Експрес","Грін Експрес","Ескорт Комплект","10 л","ПАВ","0,1-1,0 л/100л р.з",herbitsydy,"Гербіцид",6,5,5.5,USD,"","","",,26
1542,new-sku,"Грін Експрес","Грін Експрес","Ескорт Оіл","20 л","ПАР","0,4 л/100л р.з",herbitsydy,"Гербіцид",7.33,6.11,6.72,USD,"","","",,27
1543,new-sku,"Грін Експрес","Грін Експрес","Ескорт Турбо","5 л","ПАР","0,02-0,025 л/100л р.з.",herbitsydy,"Гербіцид",19.8,16.5,18.15,USD,"","","",,28
1544,new-sku,"Грін Експрес","Грін Експрес","Ескорт","10 л","ПАР","0,1 л/100л р.з.",herbitsydy,"Гербіцид",5.95,4.96,5.46,USD,"","","",,29
1545,new-sku,"Грін Експрес","Грін Експрес","Зугамін","5 л","Касугаміцин 60 г/л","0,3-1,5 л/га",herbitsydy,"Гербіцид",21.66,18.05,19.86,USD,"","","",,30
1546,new-sku,"Грін Експрес","Грін Експрес","Ірокез","20 л","Імазомокс 40 г/л","0,75-1,2 л/га",herbitsydy,"Гербіцид",13.8,11.5,12.65,USD,"","","",,31
1547,new-sku,"Грін Експрес","Грін Експрес","Калігула","5 л","фенпироксимат 280 г/л","0,125-0,2 л/га",herbitsydy,"Гербіцид",37.02,30.85,33.94,USD,"","","",,32
1548,new-sku,"Грін Експрес","Грін Експрес","Калмер","1 л","силіконовий піногасник","10-30 мл/100л р.з",herbitsydy,"Гербіцид",20.26,16.88,18.57,USD,"","","",,33
1549,new-sku,"Грін Експрес","Грін Експрес","Кропекс","10 л","кломазон 480 г/л","0,15-0,2 л/га",herbitsydy,"Гербіцид",13.8,11.5,12.65,USD,"","","",,38
1550,new-sku,"Грін Експрес","Грін Експрес","Мезогрін","5 л","мезотріон 480 г/л","0,15-0,25 л/га",herbitsydy,"Гербіцид",24.28,20.23,22.25,USD,"","","",,39
1551,new-sku,"Грін Експрес","Грін Експрес","Метагрін","5 л","2М-4Х (МЦПА) ізооктиловий ефір 850 г/л","0,15-0,25 л/га",herbitsydy,"Гербіцид",11.52,9.6,10.56,USD,"","","",,40
1552,new-sku,"Грін Експрес","Грін Експрес","Металакс","5 л","металаксил-м 350 г/л","2,0-3,0 л/га",herbitsydy,"Гербіцид",22.71,18.92,20.81,USD,"","","",,41
1553,new-sku,"Грін Експрес","Грін Експрес","Метрікс","1 кг","метрибузин 700 г/кг","0,5-1,5 кг/га",herbitsydy,"Гербіцид",28.47,23.72,26.09,USD,"","","",,42
1554,new-sku,"Грін Експрес","Грін Експрес","Ніка Плюс","500 г","нікосульфурон 500г/кг + римсульфурон250 г/кг","40-50 г/га",herbitsydy,"Гербіцид",174.64,145.54,160.09,USD,"","","",,43
1555,new-sku,"Грін Експрес","Грін Експрес","Ніка","500 г","нікосульфурон 750 г/кг","50-70 г/га",herbitsydy,"Гербіцид",104.79,87.32,96.05,USD,"","","",,44
1556,new-sku,"Грін Експрес","Грін Експрес","Оксі","5 л","оксифлуорфен 240 г/л","0,2-1,0 л/га",herbitsydy,"Гербіцид",19.21,16.01,17.61,USD,"","","",,45
1557,new-sku,"Грін Експрес","Грін Експрес","Онікс","10 л","2.4 D 344 г/л +Dicamba 120 г/л","0,5-1,25 л/га",herbitsydy,"Гербіцид",8.55,7.13,7.84,USD,"","","",,46
1558,new-sku,"Грін Експрес","Грін Експрес","Орнамент","20 л","флюдиоксоніл 25 г/л","1,0 л/т",herbitsydy,"Гербіцид",13.28,11.06,12.17,USD,"","","",,47
1559,new-sku,"Грін Експрес","Грін Експрес","Пантеон","500 г","римсульфурон 500 г/кг","0,015-0,025 кг/га",herbitsydy,"Гербіцид",143.21,119.34,131.27,USD,"","","",,48
1560,new-sku,"Грін Експрес","Грін Експрес","Пікет","10 л","імазетапір 100 г/д","0,5-1,0 л/га",herbitsydy,"Гербіцид",10.31,8.59,9.45,USD,"","","",,49
1561,new-sku,"Грін Експрес","Грін Експрес","Сойгард Голд","20 л","ацифлуорфен 214 г/л","1,0-2,0 л/га",herbitsydy,"Гербіцид",15.71,13.09,14.4,USD,"","","",,53
1562,new-sku,"Грін Експрес","Грін Експрес","Сойгард","500 г","Хлоримурон метил  750 г/кг","0,012-0,014 кг/га",herbitsydy,"Гербіцид",85.56,71.3,78.43,USD,"","","",,54
1563,new-sku,"Грін Експрес","Грін Експрес","Стедіс","5 л","протіоконазол 480 г/л","0,3-0,6 л/га",herbitsydy,"Гербіцид",41.92,34.93,38.42,USD,"","","",,57
1564,new-sku,"Грін Експрес","Грін Експрес","Стратег","20 л","прометрин 500 г/л","2,0-4,0 л/га",herbitsydy,"Гербіцид",6.9,5.75,6.33,USD,"","","",,58
1565,new-sku,"Грін Експрес","Грін Експрес","Суховій Пауер","20 л","глюфосинат амонію 200г/л","1,3-2,0 л/га",herbitsydy,"Гербіцид",6.28,5.23,5.75,USD,"","","",,60
1566,new-sku,"Грін Експрес","Грін Експрес","Террамін","1 л","пендиметалін 500 г/л","0,1-0,2 л/га",herbitsydy,"Гербіцид",11.17,9.31,10.24,USD,"","","",,61
1567,new-sku,"Грін Експрес","Грін Експрес","Трініті","500 г","трифлоксістробін 500 г/кг","0,12-0,15 кг/га",herbitsydy,"Гербіцид",71.6,59.66,65.63,USD,"","","",,63
1568,new-sku,"Грін Експрес","Грін Експрес","Фертайл","25 кг","залізо 10,5%","",herbitsydy,"Гербіцид",11.17,9.31,10.24,USD,"","","",,64
1569,new-sku,"Грін Експрес","Грін Експрес","Флейм Плюс","5 л","флорасулам 50 г/л","0,075-0,150 л/га",herbitsydy,"Гербіцид",19.04,15.86,17.45,USD,"","","",,65
1570,new-sku,"Грін Експрес","Грін Експрес","Флейм","500 г","флуметсулам 800 г/л","0,018-0,026 кг/га",herbitsydy,"Гербіцид",179.87,149.89,164.88,USD,"","","",,66
1571,new-sku,"Грін Експрес","Грін Експрес","Флузіон","500 г","флуміоксазін, 510 г/л","0,08-0,12 кг/га",herbitsydy,"Гербіцид",71.6,59.66,65.63,USD,"","","",,67
1572,new-sku,"Грін Експрес","Грін Експрес","Флуорит","5 л","Флутріафол, 400г/л","",herbitsydy,"Гербіцид",17.57,14.64,16.1,USD,"","","",,68
2098,existing,"Нертус","Нертус","Антал, ТН","5 л","тіабендазол, 80 г/л; імазаліл, 125 г/л; тебуконазол, 60 г/л","",funhitsydy,"Фунгіцид",32.03,26.69,29.36,USD,"antal-tn-nertus","Антал, ТН","5 л",econom,90
2099,existing,"Нертус","Нертус","Беркут Форте, КЕ","5 л","тебуконазол, 600 г/л","",funhitsydy,"Фунгіцид",15.79,13.16,14.48,USD,"berkut-forte-ke-nertus","Беркут Форте, КЕ","5 л",econom,48
2100,existing,"Нертус","Нертус","Беркут, КЕ","5 л","тебуконазол, 250 г/л","",funhitsydy,"Фунгіцид",14.28,11.9,13.09,USD,"berkut-ke-nertus","Беркут, КЕ","5 л",econom,47
2101,existing,"Нертус","Нертус","Брандер, КС","5 л","азоксістробін, 200 г/л; тебуконазол, 160 г/л","",funhitsydy,"Фунгіцид",22.11,18.43,20.27,USD,"brander-ks-nertus","Брандер, КС","5 л",econom,49
2102,existing,"Нертус","Нертус","Віртуоз, КЕ","5 л","пропіконазол, 250 г/л; ципроконазол, 80 г/л","",funhitsydy,"Фунгіцид",12.57,10.48,11.53,USD,"virtuoz-ke-nertus","Віртуоз, КЕ","5 л",econom,50
2103,existing,"Нертус","Нертус","Кіпер, КС","5 л","тебуконазол, 162,5 г/л; тіабендазол 250 г/л","",funhitsydy,"Фунгіцид",17.4,14.5,15.95,USD,"kiper-ks-nertus","Кіпер, КС","5 л",econom,53
2104,existing,"Нертус","Нертус","Рінкоцеб, з.п.","пакет 1 кг, 5 кг","металаксил, 80 г/кг; манкоцеб, 640 г/кг","",funhitsydy,"Фунгіцид",11.15,9.29,10.22,USD,"rinkotseb-z-p-nertus","Рінкоцеб, з.п.","пакет 1 кг, 5 кг",econom,57
2105,existing,"Нертус","Нертус","Скоразол, к.е.","1 л","дифеноконазол, 250 г/л","",funhitsydy,"Фунгіцид",33.17,27.64,30.4,USD,"skorazol-k-e-nertus","Скоразол, к.е.","1 л",econom,58
2106,existing,"Нертус","Нертус","Таурт, ТН","5 л","дифеноконазол, 100 г/л, імазаліл, 100 г/л, азоксистробін, 40г/л","",funhitsydy,"Фунгіцид",34.05,28.37,31.21,USD,"taurt-tn-nertus","Таурт, ТН","5 л",econom,97
2107,existing,"Нертус","Нертус","Тіома, КС","5 л","тіофанат-метил, 500 г/л","",funhitsydy,"Фунгіцид",9.57,7.98,8.78,USD,"tioma-ks-nertus","Тіома, КС","5 л",econom,60
2108,existing,"Нертус","Нертус","Тумен, ТН","5 л","дифеноконазол, 167 г/л, азоксистробін, 67 г/л","",funhitsydy,"Фунгіцид",17.77,14.81,16.29,USD,"tumen-tn-nertus","Тумен, ТН","5 л",econom,101
2109,existing,"Нертус","Нертус","Фіделіс, КС","5 л","дифеноконазол, 104 г/л, тіофанат-метил, 333г/л","",funhitsydy,"Фунгіцид",14.21,11.84,13.02,USD,"fidelis-ks-nertus","Фіделіс, КС","5 л",econom,62
2110,existing,"Нертус","Нертус","Флуафол, КС","5 л","флутріафол, 250 г/л","",funhitsydy,"Фунгіцид",14.16,11.8,12.98,USD,"fluafol-ks-nertus","Флуафол, КС","5 л",econom,63
2111,existing,"Нертус","Нертус","Фонтес ЗП","5 кг","манкоцеб, 800 г/кг","",funhitsydy,"Фунгіцид",9.81,8.18,9,USD,"fontes-zp-nertus","Фонтес ЗП","5 кг",econom,65
2112,existing,"Нертус","Нертус","Шлях, КЕ NEW","5 л","протіоконазол, 80г/л + тебуконазол, 160г/л","",funhitsydy,"Фунгіцид",18.68,15.57,17.13,USD,"shlyakh-ke-new-nertus","Шлях, КЕ NEW","5 л",econom,66
2113,existing,"Нопосон","Нопосон","БЛОК","5 л","Тебуконазол, 250 г/л","0,5-1,0 л/га",funhitsydy,"Фунгіцид",5.89,4.91,5.4,USD,"blok-noposon","БЛОК","5 л",econom,25
2114,existing,"Нопосон","Нопосон","КАРБОН","5 л","Флутріафол, 250 г/л","0,5 л/га",funhitsydy,"Фунгіцид",9.67,8.06,8.87,USD,"karbon-noposon","КАРБОН","5 л",econom,26
2115,existing,"Нопосон","Нопосон","ЛІКОРІС","5 л","Ципроконазол, 80 г/л, азоксисторобін, 200 г/л","0,5-1,0 л/га",funhitsydy,"Фунгіцид",16.97,14.15,15.57,USD,"likoris-noposon","ЛІКОРІС","5 л",econom,23
2193,existing,"Укравіт","Укравіт","Акула, КЕ","5 л","Прохлораз, 300 г/л + тебуконазол, 140 г/л + ципроконазол, 50 г/л","",funhitsydy,"Фунгіцид",27.6,23,25.3,USD,"akula-ke-ukravit","Акула, КЕ","5 л",premium,77
2194,existing,"Укравіт","Укравіт","Антріал, КЕ NEW2026","5 л","Протіоконазол, 150 г/л + дифеноконазол, 150г/л","",funhitsydy,"Фунгіцид",28.75,23.96,26.36,USD,"antrial-ke-new2026-ukravit","Антріал, КЕ NEW2026","5 л",premium,76
2195,existing,"Укравіт","Укравіт","Асгард, РК Новинка","5 л","Міпікват-хлорид, 290г/л + метконазол, 42 г/л","",funhitsydy,"Фунгіцид",28.75,23.96,26.36,USD,"ashard-rk-novynka-ukravit","Асгард, РК Новинка","5 л",premium,139
2196,existing,"Укравіт","Укравіт","Аякс, КС","5 л","Тіофанат-метил, 310 г/л + епоксиконазол, 120 г/л + тебуконазол, 70 г/л","",funhitsydy,"Фунгіцид",34.5,28.75,31.63,USD,"ayaks-ks-ukravit","Аякс, КС","5 л",premium,78
2197,existing,"Укравіт","Укравіт","Вінат, КС NEW 2026","5 л","Боскалід, 500г/л","",funhitsydy,"Фунгіцид",80.5,67.08,73.79,USD,"vinat-ks-new-2026-ukravit","Вінат, КС NEW 2026","5 л",premium,79
2198,existing,"Укравіт","Укравіт","Віоліс, КС","5 л","Хлорокис міді, 350г/л","",funhitsydy,"Фунгіцид",13.8,11.5,12.65,USD,"violis-ks-ukravit","Віоліс, КС","5 л",premium,80
2199,existing,"Укравіт","Укравіт","Гарт, ЗП","2 л","Гідроксид міді, 770 г/кг","",funhitsydy,"Фунгіцид",19.55,16.29,17.92,USD,"hart-zp-ukravit","Гарт, ЗП","2 л",premium,81
2200,existing,"Укравіт","Укравіт","Дезарал Екстра, КС","20 л","Карбендазим, 250 г/л + флутриафол, 125 г/л","",funhitsydy,"Фунгіцид",11.73,9.77,10.75,USD,"dezaral-ekstra-ks-ukravit","Дезарал Екстра, КС","20 л",premium,83
2201,existing,"Укравіт","Укравіт","Дезарал, КС","5 л","Карбендазим, 500 г/л","",funhitsydy,"Фунгіцид",9.2,7.67,8.44,USD,"dezaral-ks-ukravit","Дезарал, КС","5 л",premium,82
2202,existing,"Укравіт","Укравіт","Делавіт","5 л","Дитіанон, 350 г/л","",funhitsydy,"Фунгіцид",33.58,27.98,30.78,USD,"delavit-ukravit","Делавіт","5 л",premium,86
2203,existing,"Укравіт","Укравіт","Джек Пот, КЕ","5 л","Дифеноконазол, 200 г/л + пенконазол, 100 г/л","",funhitsydy,"Фунгіцид",36.8,30.67,33.74,USD,"dzhek-pot-ke-ukravit","Джек Пот, КЕ","5 л",premium,87
2204,existing,"Укравіт","Укравіт","Захисник Екстра, КС","5 л","Тіофанат-метил, 310 г/л + флутріафол, 190 г/л","",funhitsydy,"Фунгіцид",24.15,20.13,22.14,USD,"zakhysnyk-ekstra-ks-ukravit","Захисник Екстра, КС","5 л",premium,91
2205,existing,"Укравіт","Укравіт","Захисник, КС","5 л","Тіофанат-метил, 500 г/л","",funhitsydy,"Фунгіцид",10.93,9.1,10.01,USD,"zakhysnyk-ks-ukravit","Захисник, КС","5 л",premium,89
2206,existing,"Укравіт","Укравіт","Захист, ЗП","5 л","Цимоксаніл, 250 г/кг + металаксил 100, г/кг","",funhitsydy,"Фунгіцид",25.3,21.08,23.19,USD,"zakhyst-zp-ukravit","Захист, ЗП","5 л",premium,93
2207,existing,"Укравіт","Укравіт","Інспір Голд, КЕ","5 л","Тебуконазол, 200 г/л+ протіоконазол, 100 г/кг","",funhitsydy,"Фунгіцид",29.9,24.92,27.41,USD,"inspir-hold-ke-ukravit","Інспір Голд, КЕ","5 л",premium,94
2208,existing,"Укравіт","Укравіт","Капітал, КС","10 л","Ципроконазол, 60 г/л + азоксистробін, 150 г/л + епоксиконазол, 50 г/л","",funhitsydy,"Фунгіцид",29.67,24.73,27.2,USD,"kapital-ks-ukravit","Капітал, КС","10 л",premium,97
2209,existing,"Укравіт","Укравіт","Каріоліс,ТН","5 л","Флудиоксоніл, 25 г/л + металаксил-М, 10 г/л","",funhitsydy,"Фунгіцид",27.6,23,25.3,USD,"kariolis-tn-ukravit","Каріоліс,ТН","5 л",premium,124
2210,existing,"Укравіт","Укравіт","Лайвіт, ТН","5 л","Протіоконазол, 50 г/л + дифеноконазол 50 г/л + піраклостробін 25г/л","",funhitsydy,"Фунгіцид",24.73,20.6,22.66,USD,"laivit-tn-ukravit","Лайвіт, ТН","5 л",premium,122
2211,existing,"Укравіт","Укравіт","Лексіон, ВГ NEW2026","1 л","Ципродиніл, 375 г/л + флудиоксоніл, 250г/л","",funhitsydy,"Фунгіцид",126.5,105.42,115.96,USD,"leksion-vh-new2026-ukravit","Лексіон, ВГ NEW2026","1 л",premium,98
2212,existing,"Укравіт","Укравіт","Лікур, КЕ NEW2026","1;5","Дифеноконазол, 375г/л","",funhitsydy,"Фунгіцид",34.5,28.75,31.63,USD,"likur-ke-new2026-ukravit","Лікур, КЕ NEW2026","1;5",premium,99
2213,existing,"Укравіт","Укравіт","Манвіт, ЗП","5 л","Манкоцеб, 750г/кг","",funhitsydy,"Фунгіцид",14.95,12.46,13.71,USD,"manvit-zp-ukravit","Манвіт, ЗП","5 л",premium,100
2214,existing,"Укравіт","Укравіт","Рекорд, ТН","5 л","Карбоксин, 170 г/л + тирам, 170 г/л","",funhitsydy,"Фунгіцид",13.23,11.02,12.12,USD,"rekord-tn-ukravit","Рекорд, ТН","5 л",premium,127
2215,existing,"Укравіт","Укравіт","Рестлер Тріо, КС","5 л","Флудиоксоніл, 15 г/л + прохлораз, 60 г/л + ципроконазол, 6 г/л","",funhitsydy,"Фунгіцид",14.95,12.46,13.71,USD,"restler-trio-ks-ukravit","Рестлер Тріо, КС","5 л",premium,128
2216,existing,"Укравіт","Укравіт","Ріальт, КС","5 л","Піраклостробін, 300 г/л + боскалід, 200г/л","",funhitsydy,"Фунгіцид",63.25,52.71,57.98,USD,"rialt-ks-ukravit","Ріальт, КС","5 л",premium,101
2217,existing,"Укравіт","Укравіт","Самшит, КС","5 л","Дифеноконазол,200г/л+крезоксим-метил,100 г/л","",funhitsydy,"Фунгіцид",36.8,30.67,33.74,USD,"samshyt-ks-ukravit","Самшит, КС","5 л",premium,102
2218,existing,"Укравіт","Укравіт","Сінан, КС","10 л","Піраклостробін, 130 г/л+ дифеноконазол, 130 г/л","",funhitsydy,"Фунгіцид",22.77,18.98,20.88,USD,"sinan-ks-ukravit","Сінан, КС","10 л",premium,105
2219,existing,"Укравіт","Укравіт","Страж, КС","1 л","Ципродиніл, 500 г/л","",funhitsydy,"Фунгіцид",46,38.33,42.16,USD,"strazh-ks-ukravit","Страж, КС","1 л",premium,103
2220,existing,"Укравіт","Укравіт","Супервін, КС","5 л","Флутриафол, 30 г/л + тіабедазол, 45 г/л","",funhitsydy,"Фунгіцид",9.2,7.67,8.44,USD,"supervin-ks-ukravit","Супервін, КС","5 л",premium,129
2221,existing,"Укравіт","Укравіт","Ті Рекс, КЕ","5 л","Пропіканазол, 150 г/л + тріадимефон, 150 г/л","",funhitsydy,"Фунгіцид",19.55,16.29,17.92,USD,"ti-reks-ke-ukravit","Ті Рекс, КЕ","5 л",premium,106
2222,existing,"Укравіт","Укравіт","Топ Ефект, КС","5 л","Флутріафол, 250 г/л","",funhitsydy,"Фунгіцид",13.8,11.5,12.65,USD,"top-efekt-ks-ukravit","Топ Ефект, КС","5 л",premium,107
2223,existing,"Укравіт","Укравіт","Тройсет, ВГ (Тріафіт)","1 л","Дифеноконазол, 50 г/кг + диметоморф, 40 г/кг + металаксил-м, 40 г/кг","",funhitsydy,"Фунгіцид",12.65,10.54,11.59,USD,"troiset-vh-triafit-ukravit","Тройсет, ВГ (Тріафіт)","1 л",premium,108
2224,existing,"Укравіт","Укравіт","Ультрасил Дуо, ТН","5 л","Тебуконазол, 60 г/л + імазаліл 100 г/л","",funhitsydy,"Фунгіцид",20.13,16.77,18.45,USD,"ultrasyl-duo-tn-ukravit","Ультрасил Дуо, ТН","5 л",premium,131
2225,existing,"Укравіт","Укравіт","Ультрасил, ТН","5 л","Тебуконазол, 120 г/л","",funhitsydy,"Фунгіцид",8.86,7.38,8.12,USD,"ultrasyl-tn-ukravit","Ультрасил, ТН","5 л",premium,130
2226,existing,"Укравіт","Укравіт","Унікаль МАКС, КС","10 л","Тебуконазол, 500 г/л","",funhitsydy,"Фунгіцид",15.87,13.23,14.55,USD,"unikal-maks-ks-ukravit","Унікаль МАКС, КС","10 л",premium,112
2227,existing,"Укравіт","Укравіт","Унікаль, КС","10;20","Тебуконазол, 250 г/л","",funhitsydy,"Фунгіцид",8.97,7.48,8.23,USD,"unikal-ks-ukravit","Унікаль, КС","10;20",premium,110
2228,existing,"Укравіт","Укравіт","Феномен, ВГ","1 л","Каптан, 780 г/кг + флутриафол, 20 г/кг","",funhitsydy,"Фунгіцид",11.5,9.58,10.54,USD,"fenomen-vh-ukravit","Феномен, ВГ","1 л",premium,113
2229,existing,"Укравіт","Укравіт","Фундазим, ЗП","1 л","Беноміл, 500 г/кг","",funhitsydy,"Фунгіцид",20.7,17.25,18.98,USD,"fundazym-zp-ukravit","Фундазим, ЗП","1 л",premium,115
2230,existing,"Укравіт","Укравіт","Цілитель, ЗП","5 л","Металаксил, 80 г/кг + манкоцеб, 640 г/кг","",funhitsydy,"Фунгіцид",14.38,11.98,13.18,USD,"tsilytel-zp-ukravit","Цілитель, ЗП","5 л",premium,116
2239,existing,"ALFASMARTAGRO","Alfa Smart Agro","Адарайв, КЕ","5 л","тебуконазол, 280г/л + проіоконазол, 100г/л","",funhitsydy,"Фунгіцид",29.04,24.2,26.62,USD,"adaraiv-ke-alfa-smart-agro","Адарайв, КЕ","5 л",premium,12
2240,existing,"ALFASMARTAGRO","Alfa Smart Agro","Альфа-Мідь, ЗП","10 кг","гідроокис міді, 770 г/кг","1,5-3,0",funhitsydy,"Фунгіцид",12.59,10.49,11.54,USD,"alfa-mid-zp-alfa-smart-agro","Альфа-Мідь, ЗП","10 кг",premium,13
2241,existing,"ALFASMARTAGRO","Alfa Smart Agro","Альфа-Стандарт, КС","10 л","карбендазим, 500 г/л","0,3-1,5",funhitsydy,"Фунгіцид",6.6,5.5,6.05,USD,"alfa-standart-ks-alfa-smart-agro","Альфа-Стандарт, КС","10 л",premium,14
2242,existing,"ALFASMARTAGRO","Alfa Smart Agro","Альфа-Тебузол, КЕ","10 л","тебуконазол, 250 г/л","",funhitsydy,"Фунгіцид",9.35,7.79,8.57,USD,"alfa-tebuzol-ke-alfa-smart-agro","Альфа-Тебузол, КЕ","10 л",premium,15
2244,existing,"ALFASMARTAGRO","Alfa Smart Agro","Анелас, КЕ","1 л","піраклостробін 250 г/л + міклобутаніл 250 г/л","0,5-1,1",funhitsydy,"Фунгіцид",41.81,34.84,38.32,USD,"anelas-ke-alfa-smart-agro","Анелас, КЕ","1 л",premium,17
2250,existing,"ALFASMARTAGRO","Alfa Smart Agro","Грейвіс, ЕВ","5 л","мепікват-хлорид, 250 г/л+тебуконазол, 110 г/л","",funhitsydy,"Фунгіцид",15.73,13.11,14.42,USD,"hreivis-ev-alfa-smart-agro","Грейвіс, ЕВ","5 л",premium,102
2257,existing,"ALFASMARTAGRO","Alfa Smart Agro","Релевант, КС","5 л","тіофанат-метил, 375г/л +цимоксаніл, 225 г/кг + продукт ферментації актиноміцетів, 5 г/кг","0,4-0,6",funhitsydy,"Фунгіцид",22.55,18.79,20.67,USD,"relevant-ks-alfa-smart-agro","Релевант, КС","5 л",premium,27
2266,existing,"Himagro","Himagro","АЦИДАН, ЗП","10 кг","металаксил 80 г/кг і манкоцеб 640 г/кг","2,0 - 2,5",funhitsydy,"Фунгіцид",10.93,9.1,10.01,USD,"atsydan-zp-himagro","АЦИДАН, ЗП","10 кг",econom,135
2267,existing,"Himagro","Himagro","БАЙЗАФОН, ЗП","1 кг","тріадимефон 250 г/кг","0,15 - 1,0",funhitsydy,"Фунгіцид",10.35,8.63,9.49,USD,"baizafon-zp-himagro","БАЙЗАФОН, ЗП","1 кг",econom,139
2268,existing,"Himagro","Himagro","БРЕДЛІ","10 л","боскалід, 500г/л","0,2-1,2",funhitsydy,"Фунгіцид",59.8,49.83,54.81,USD,"bredli-himagro","БРЕДЛІ","10 л",econom,140
2269,existing,"Himagro","Himagro","БРОДВЕЙ, КС","20 л","азоксістробін 250 г/л","0,6-0,8",funhitsydy,"Фунгіцид",13.8,11.5,12.65,USD,"brodvei-ks-himagro","БРОДВЕЙ, КС","20 л",econom,143
2270,existing,"Himagro","Himagro","ДОКТОР КРОП, КС","20 л","карбендазим 500 г/л","0,3 - 0,5",funhitsydy,"Фунгіцид",6.67,5.56,6.12,USD,"doktor-krop-ks-himagro","ДОКТОР КРОП, КС","20 л",econom,146
2271,existing,"Himagro","Himagro","ЕФАТОЛ, ЗП","2.5 кг","фосетил алюмінію 800 г/кг","2,0 - 3,0",funhitsydy,"Фунгіцид",12.65,10.54,11.59,USD,"efatol-zp-himagro","ЕФАТОЛ, ЗП","2.5 кг",econom,150
2272,existing,"Himagro","Himagro","Жокей Екстра, КС","20 л","азоксістробін 200 г/л, ципроконазол 80 г/л","0,5-1,0",funhitsydy,"Фунгіцид",17.83,14.85,16.34,USD,"zhokei-ekstra-ks-himagro","Жокей Екстра, КС","20 л",econom,151
2273,existing,"Himagro","Himagro","Лайфсул, ВГ","20 кг","сірка 800 г/кг","2,0-3,0",funhitsydy,"Фунгіцид",3.22,2.68,2.95,USD,"laifsul-vh-himagro","Лайфсул, ВГ","20 кг",econom,154
2274,existing,"Himagro","Himagro","МЕТАКАРБ, КС","10 л","карбендазим 200 г/л + металаксил 100 г/л","1,0 -1,2",funhitsydy,"Фунгіцид",12.65,10.54,11.59,USD,"metakarb-ks-himagro","МЕТАКАРБ, КС","10 л",econom,155
2275,existing,"Himagro","Himagro","МЕТЕОР, ЗП","10 кг","гідроокис міді, 770 г/кг","2,0 - 4,0",funhitsydy,"Фунгіцид",13.11,10.93,12.02,USD,"meteor-zp-himagro","МЕТЕОР, ЗП","10 кг",econom,158
2276,existing,"Himagro","Himagro","СНУКЕР, КС","5 л","метконазол, 60 г/л","0,75-1,5",funhitsydy,"Фунгіцид",25.88,21.56,23.72,USD,"snuker-ks-himagro","СНУКЕР, КС","5 л",econom,132
2277,existing,"Himagro","Himagro","ТЕБУФОР, КЕ","20 л","тебуконазол 250 г/л","0,5 - 1,0",funhitsydy,"Фунгіцид",7.82,6.52,7.17,USD,"tebufor-ke-himagro","ТЕБУФОР, КЕ","20 л",econom,162
2278,existing,"Himagro","Himagro","ТІОФЕН","1 кг","тіофанат-метил 500г/кг","",funhitsydy,"Фунгіцид",9.78,8.15,8.97,USD,"tiofen-himagro","ТІОФЕН","1 кг",econom,167
2279,existing,"Himagro","Himagro","ТІОФЕН ЕКСТРА, ЗП","10 кг","тіофанат-метил 700 г/кг і пенконазол, 25 г/л","0,8 - 1,0",funhitsydy,"Фунгіцид",14.95,12.46,13.71,USD,"tiofen-ekstra-zp-himagro","ТІОФЕН ЕКСТРА, ЗП","10 кг",econom,168
2280,existing,"Himagro","Himagro","ТОНУС, КЕ","20 л","Піраклостробін 250 г/л","0,15 - 1,0",funhitsydy,"Фунгіцид",18.4,15.33,16.86,USD,"tonus-ke-himagro","ТОНУС, КЕ","20 л",econom,128
2281,existing,"Himagro","Himagro","УНІВЕРСАЛ, ЗП","1 кг","тебуконазол 500 г/кг","0,2 - 0,35",funhitsydy,"Фунгіцид",13.23,11.02,12.12,USD,"universal-zp-himagro","УНІВЕРСАЛ, ЗП","1 кг",econom,170
2282,existing,"Himagro","Himagro","ФІТОЛІКАР, КС","20 л","Флутриафол 250 г/л","0,3 - 0,5",funhitsydy,"Фунгіцид",12.08,10.06,11.07,USD,"fitolikar-ks-himagro","ФІТОЛІКАР, КС","20 л",econom,171
2283,existing,"Himagro","Himagro","ФРЕГАТ, КС","20 л","Цимоксаніл 125 г/л і диметоморф 180 г/л","0,6 - 1,2",funhitsydy,"Фунгіцид",13.45,11.21,12.33,USD,"frehat-ks-himagro","ФРЕГАТ, КС","20 л",econom,174
2284,existing,"Himagro","Himagro","ФУЗАРИН, КС","20 л","Тебуконазол,150 г/л, прохлораз 300 г/л","0,8-1,0",funhitsydy,"Фунгіцид",12.65,10.54,11.59,USD,"fuzaryn-ks-himagro","ФУЗАРИН, КС","20 л",econom,176
2285,existing,"PEST.UA","PEST.UA","Аперол, КЕ","5 л","тебуконазол, 250 г/л","0,5 - 1,0",funhitsydy,"Фунгіцид",7.71,6.42,7.06,USD,"aperol-ke-pest-ua","Аперол, КЕ","5 л",econom,5
2286,existing,"PEST.UA","PEST.UA","Геймер, КС","5 л","флутриафол, 250 г/л","0,3 - 0,5",funhitsydy,"Фунгіцид",9.86,8.21,9.03,USD,"heimer-ks-pest-ua","Геймер, КС","5 л",econom,11
2287,existing,"PEST.UA","PEST.UA","Медіан, ТН","5 л","тебуконазол, 120 г/л","0,2 - 0,25",funhitsydy,"Фунгіцид",6.97,5.81,6.39,USD,"median-tn-pest-ua","Медіан, ТН","5 л",econom,19
2288,existing,"PEST.UA","PEST.UA","Тетріс","5 л","Піраклостробін, 250 г/л","0,4-0,6",funhitsydy,"Фунгіцид",13.35,11.13,12.24,USD,"tetris-pest-ua","Тетріс","5 л",econom,29
2312,new-sku,"Нопосон","Нопосон","МІЛАНІТ","5 л","Пропіконазол, 150 г/л + Тріадимефон, 150 г/л","0,4-0,5 л/га",funhitsydy,"Фунгіцид",14.61,12.18,13.4,USD,"","","",,20
2313,new-sku,"Нопосон","Нопосон","КЕВЛАР","5 л","Карбендазим, 500 г/л","0,4-0,5 л/га",funhitsydy,"Фунгіцид",6.72,5.6,6.16,USD,"","","",,24
2314,new-sku,"Нертус","Нертус","Аккорд, м.с.","5 л","гідроксид міді, 150 г/л; сірка, 300 г/л","",funhitsydy,"Фунгіцид",9.81,8.18,9,USD,"","","",,43
2315,new-sku,"Нертус","Нертус","Алмаз 100, КЕ","1 л","пенконазол, 100 г/л","",funhitsydy,"Фунгіцид",27.9,23.25,25.58,USD,"","","",,44
2316,new-sku,"Нертус","Нертус","Дезал, КС","5 л","карбендазим, 500 г/л","",funhitsydy,"Фунгіцид",7.04,5.86,6.45,USD,"","","",,51
2317,new-sku,"Нертус","Нертус","Купер, м.с.","1 л","гідроксид міді, 300 г/л","",funhitsydy,"Фунгіцид",12.2,10.16,11.18,USD,"","","",,54
2318,new-sku,"Нертус","Нертус","Прента, КЕ","5 л","дифеноконазол, 125 г/л, триадимефон, 125 г/л","",funhitsydy,"Фунгіцид",18.04,15.04,16.54,USD,"","","",,56
2319,new-sku,"Нертус","Нертус","Тіназол, КЕ","5 л","пропіконазол, 250 г/л","",funhitsydy,"Фунгіцид",12.36,10.3,11.33,USD,"","","",,59
2320,new-packaging,"Нертус","Нертус","Фіделіс, КС","1 л","дифеноконазол, 104 г/л, тіофанат-метил, 333г/л","",funhitsydy,"Фунгіцид",15.32,12.76,14.04,USD,"fidelis-ks-nertus","Фіделіс, КС","5 л",econom,61
2321,new-packaging,"Нертус","Нертус","Фонтес ЗП","1 кг","манкоцеб, 800 г/кг","",funhitsydy,"Фунгіцид",10.85,9.04,9.94,USD,"fontes-zp-nertus","Фонтес ЗП","5 кг",econom,64
2322,new-sku,"Нертус","Нертус","Резидент КС","5 л","піридабен, 300 г/л; фенпіроксимат, 120 г/л","",funhitsydy,"Фунгіцид",31.58,26.31,28.94,USD,"","","",,81
2323,new-packaging,"Нертус","Нертус","Антал, ТН","1 л","тіабендазол, 80 г/л; імазаліл, 125 г/л; тебуконазол, 60 г/л","",funhitsydy,"Фунгіцид",33.12,27.6,30.36,USD,"antal-tn-nertus","Антал, ТН","5 л",econom,89
2324,new-sku,"Нертус","Нертус","Тринавата, ТН","5 л","дифеноконазол, 50 г/л, азоксистробін, 20г/л, тіаметоксам, 250 г/л","",funhitsydy,"Фунгіцид",20.51,17.09,18.8,USD,"","","",,100
2325,new-sku,"PEST.UA","PEST.UA","Костас, КС","5 л","тіофанат-метил, 200 г/л + дифеноконазол, 120г/л + тріадимефон, 50г/л","0,4 - 1,0",funhitsydy,"Фунгіцид",9.53,7.94,8.73,USD,"","","",,14
2326,new-sku,"PEST.UA","PEST.UA","Канкун","5 л","Пропіконазол, 250г/л","0.5",funhitsydy,"Фунгіцид",10.42,8.68,9.55,USD,"","","",,16
2327,new-packaging,"ALFASMARTAGRO","Alfa Smart Agro","Авідо, ТН","4*5л.","Тіофанат-метил, 435 г/л + крезоксим-метил, 50 г/л + цимоксаніл, 15 г/л","0,5-1,0л/т",funhitsydy,"Фунгіцид",29.7,24.75,27.23,USD,"avido-tn-alfa-smart-agro","Авідо, ТН","5 л",premium,3
2328,new-packaging,"ALFASMARTAGRO","Alfa Smart Agro","Авіценна, СЕ","4*5л.","тебуконазол, 50 г/л + прохлораз, 250 г/л+ крезоксим-метил, 50 г/л","0,4-0,6л/т",funhitsydy,"Фунгіцид",29.15,24.29,26.72,USD,"avitsenna-se-alfa-smart-agro","Авіценна, СЕ","5 л",premium,4
2329,new-packaging,"ALFASMARTAGRO","Alfa Smart Agro","Авіценна Плюс, ТН","4*5л.","тебуконазол, 30 г/л + прохлораз, 250 г/л+ піраклостробін, 30 г/л+ боскалід, 30г/л","",funhitsydy,"Фунгіцид",37.94,31.62,34.78,USD,"avitsenna-plyus-tn-alfa-smart-agro","Авіценна Плюс, ТН","5 л",premium,5
2330,new-packaging,"ALFASMARTAGRO","Alfa Smart Agro","Кантаріс, ТН","4*5л.","прохлораз, 150 г/л + флутриафол, 50 г/л + тіамекосам, 250 г/л","0,8-1,0л/т",funhitsydy,"Фунгіцид",25.31,21.09,23.2,USD,"kantaris-tn-alfa-smart-agro","Кантаріс, ТН","5 л",premium,6
2331,new-packaging,"ALFASMARTAGRO","Alfa Smart Agro","Венцедор, ТН","4*5л.","тебуконазол, 25 г/л +  тирам, 400 г/л","1,0-1,2л/т",funhitsydy,"Фунгіцид",7.92,6.6,7.26,USD,"ventsedor-tn-alfa-smart-agro","Венцедор, ТН","5 л",premium,8
2332,new-packaging,"ALFASMARTAGRO","Alfa Smart Agro","Стеліум Ультра, ТН","4*5л.","тебуконазол, 30 г/л + прохлораз, 150 г/л+ тіаметокам, 300 г/л+ боскалід, 30г/л","",funhitsydy,"Фунгіцид",47.52,39.6,43.56,USD,"stelium-ultra-tn-alfa-smart-agro","Стеліум Ультра, ТН","5 л",premium,11
2333,new-packaging,"ALFASMARTAGRO","Alfa Smart Agro","Амікон, ЕВ","4*5л.","піраклостробін 125 г/л + міклобутаніл 125 г/л","0,5-1,0",funhitsydy,"Фунгіцид",20.89,17.41,19.15,USD,"amikon-ev-alfa-smart-agro","Амікон, ЕВ","5 л",premium,16
2334,new-packaging,"ALFASMARTAGRO","Alfa Smart Agro","Артіс Плюс, КС","4*5л.","міклобутаніл, 125 г/л + тебуконазол, 125 г/л + тіофанат-метил, 250 г/л","0,3-1,0",funhitsydy,"Фунгіцид",21.55,17.96,19.76,USD,"artis-plyus-ks-alfa-smart-agro","Артіс Плюс, КС","5 л",premium,18
2335,new-packaging,"ALFASMARTAGRO","Alfa Smart Agro","Баррет, КЕ","4*5л.","тебуконазол, 160 г/л + пропіконазол, 100 г/л + прохлораз, 340 г/л","0,3-1,0",funhitsydy,"Фунгіцид",23.1,19.25,21.18,USD,"barret-ke-alfa-smart-agro","Баррет, КЕ","5 л",premium,19
2336,new-packaging,"ALFASMARTAGRO","Alfa Smart Agro","Болівар Форте, КС","4*5л.","тебуконазол, 240 г/л + крезоксим-метил, 125 г/л","0,3-1,0",funhitsydy,"Фунгіцид",20.12,16.77,18.45,USD,"bolivar-forte-ks-alfa-smart-agro","Болівар Форте, КС","5 л",premium,20
2337,new-packaging,"ALFASMARTAGRO","Alfa Smart Agro","Варос, КС","4*5л.","тіофанат-метил, 500г/л","",funhitsydy,"Фунгіцид",8.35,6.96,7.66,USD,"varos-ks-alfa-smart-agro","Варос, КС","5 л",premium,21
2338,new-packaging,"ALFASMARTAGRO","Alfa Smart Agro","ДОК Про, ЗП","10*1кг.","цимоксаніл, 300 г/кг + міклобутаніл, 200 г/кг","0,4-0,6",funhitsydy,"Фунгіцид",27.49,22.91,25.2,USD,"dok-pro-zp-alfa-smart-agro","ДОК Про, ЗП","1 кг",premium,22
2339,new-packaging,"ALFASMARTAGRO","Alfa Smart Agro","Камелот, КЕ","1л., 5л.","міклобутаніл,250г/л","0,15-0,5",funhitsydy,"Фунгіцид",24.19,20.16,22.18,USD,"kamelot-ke-alfa-smart-agro","Камелот, КЕ","1 л",premium,23
2340,new-packaging,"ALFASMARTAGRO","Alfa Smart Agro","Кваліфай, КЕ","1л., 5л.","ципроконазол, 80 г/л+ пропіконазол, 250 г/л","",funhitsydy,"Фунгіцид",17.5,14.58,16.04,USD,"kvalifai-ke-alfa-smart-agro","Кваліфай, КЕ","1 л",premium,24
2341,new-packaging,"ALFASMARTAGRO","Alfa Smart Agro","Корвізар М, КЕ","4*5л.","фенпропідин 300 г/л + тебуконазол 150 г/л + міклобутаніл 100 г/л","0,4-1,0",funhitsydy,"Фунгіцид",24.19,20.16,22.18,USD,"korvizar-m-ke-alfa-smart-agro","Корвізар М, КЕ","5 л",premium,25
2342,new-packaging,"ALFASMARTAGRO","Alfa Smart Agro","Кросбі, СЕ","4*5л.","пропіконазол, 187,5 г/л + тіофанат-метил, 375 г/л","0,4-0,6",funhitsydy,"Фунгіцид",18.16,15.13,16.64,USD,"krosbi-se-alfa-smart-agro","Кросбі, СЕ","5 л",premium,26
2343,new-packaging,"ALFASMARTAGRO","Alfa Smart Agro","Ставарро, СЕ","4*5л.","пропконазол 187,5г/л + азоксистробін, 167г/л","",funhitsydy,"Фунгіцид",27.29,22.74,25.01,USD,"stavarro-se-alfa-smart-agro","Ставарро, СЕ","5 л",premium,28
2344,new-sku,"ALFASMARTAGRO","Alfa Smart Agro","Танарт, ВГ","5 кг","каптан, 780 г/кг","",funhitsydy,"Фунгіцид",13.2,11,12.1,USD,"","","",,29
2345,new-packaging,"ALFASMARTAGRO","Alfa Smart Agro","Тезис, КС","4*5л.","тебуконазол, 500 г/л","0,2-0,5",funhitsydy,"Фунгіцид",13.2,11,12.1,USD,"tezys-ks-alfa-smart-agro","Тезис, КС","5 л",premium,30
2346,new-packaging,"ALFASMARTAGRO","Alfa Smart Agro","Теквіл, КЕ","4*5л.","дифеноконазол, 250г/л","",funhitsydy,"Фунгіцид",26.4,22,24.2,USD,"tekvil-ke-alfa-smart-agro","Теквіл, КЕ","5 л",premium,31
2347,new-packaging,"ALFASMARTAGRO","Alfa Smart Agro","Теламус, КС","4*5л.","пропіконазол, 200 г/л+піраклостробін, 167 г/л + боскаліт, 133 г/л","0,2-0,5",funhitsydy,"Фунгіцид",36.3,30.25,33.28,USD,"telamus-ks-alfa-smart-agro","Теламус, КС","5 л",premium,32
2348,new-packaging,"ALFASMARTAGRO","Alfa Smart Agro","Фенікс, КС","4*5л.","флутриафол, 250 г/л","0,1-1,0",funhitsydy,"Фунгіцид",10.45,8.71,9.58,USD,"feniks-ks-alfa-smart-agro","Фенікс, КС","5 л",premium,33
2349,new-packaging,"ALFASMARTAGRO","Alfa Smart Agro","Фенікс Дуо, КС","4*5л.","флутриафол, 187 г/л + тіофанат-метил, 310 г/л","0,15-1,0",funhitsydy,"Фунгіцид",17.71,14.76,16.24,USD,"feniks-duo-ks-alfa-smart-agro","Фенікс Дуо, КС","5 л",premium,34
2350,new-packaging,"ALFASMARTAGRO","Alfa Smart Agro","Хеллер, КС","4*5л.","азоксистробін, 250 г/л","",funhitsydy,"Фунгіцид",14.03,11.69,12.86,USD,"kheller-ks-alfa-smart-agro","Хеллер, КС","5 л",premium,35
2351,new-sku,"АХТ","АХТ","Азоксин","5 л","Азоксистробін, 250 г/л","0,3-1,0",funhitsydy,"Фунгіцид",14.23,11.86,13.05,USD,"","","",,37
2352,new-sku,"АХТ","АХТ","Аурис","5 л","Протіоконазол, 60 г/л+ тебуконазол, 240 г/л+ пропіконазол, 60 г/л","",funhitsydy,"Фунгіцид",24.86,20.72,22.79,USD,"","","",,38
2353,new-sku,"АХТ","АХТ","Вартіс","5 л","боскалід, 250г/л+ протіоконазол, 250г/л","0,3-0,5",funhitsydy,"Фунгіцид",58.18,48.48,53.33,USD,"","","",,39
2354,new-sku,"АХТ","АХТ","Віваро","5 л","тіофанат-метил 300 г/л + пропіконазол, 100 г/л + дифеноконазол, 100 г/л","",funhitsydy,"Фунгіцид",28.73,23.94,26.33,USD,"","","",,40
2355,new-sku,"АХТ","АХТ","Елантро","5 л","піраклостробін 150 г/л + пропіконазол, 150 г/л+полісахаридний елісітор","",funhitsydy,"Фунгіцид",34.07,28.39,31.23,USD,"","","",,41
2356,new-sku,"АХТ","АХТ","Карбезим","5 л","Карбендазим, 500 г/л","0,3-0,6",funhitsydy,"Фунгіцид",6.7,5.58,6.14,USD,"","","",,42
2357,new-sku,"АХТ","АХТ","Маестро","5 л","Ципроконазол, 80 г/л + пропіконазол, 250 г/л","0,4-0,6",funhitsydy,"Фунгіцид",17.38,14.48,15.93,USD,"","","",,43
2358,new-sku,"АХТ","АХТ","Полігард","5 л","Тебуконазол, 250 г/л","0,25-1,2",funhitsydy,"Фунгіцид",9.66,8.05,8.86,USD,"","","",,44
2359,new-sku,"АХТ","АХТ","Полігард Максі","5 л","Тебуконазол, 430 г/л","0,3-0,7",funhitsydy,"Фунгіцид",11.39,9.49,10.44,USD,"","","",,45
2360,new-sku,"АХТ","АХТ","Флутривіт Максі","5 л","Флутриафол, 500 г/л","0,2-0,25",funhitsydy,"Фунгіцид",20.75,17.29,19.02,USD,"","","",,46
2361,new-sku,"АХТ","АХТ","Фунгімакс","10 л","тіофанат-метил 200 г/л + пропіконазол, 120 г/л + триадимефон, 50 г/л","0,7-1,0",funhitsydy,"Фунгіцид",11.9,9.92,10.91,USD,"","","",,47
2362,new-sku,"АХТ","АХТ","Фунгісил","5 л","піраклостробін 200 г/л + пропіконазол, 250 г/л","0,4-0,5",funhitsydy,"Фунгіцид",33.04,27.53,30.28,USD,"","","",,48
2363,new-sku,"АХТ","АХТ","Цимоксил","2.5 кг","цимоксаніл, 300 г/кг
флутриафол, 210 г/кг","0.5",funhitsydy,"Фунгіцид",27.07,22.56,24.82,USD,"","","",,49
2364,new-sku,"АХТ","АХТ","Ларімар","5 л","Тіабендазол, 80 г/л + тебуконазол, 60 г/л","0,3-0,5",funhitsydy,"Фунгіцид",16.49,13.74,15.11,USD,"","","",,50
2365,new-sku,"АХТ","АХТ","Кватрофорс","5 л","флутриафол, 50 г/л, імазаліл 40 г/л, металаксил-М 30 г/л, піраклостробін 20 г/л","0,8-1,0",funhitsydy,"Фунгіцид",18.52,15.43,16.97,USD,"","","",,52
2366,new-packaging,"Укравіт","Укравіт","Дезарал Екстра, КС","5 л","Карбендазим, 250 г/л + флутриафол, 125 г/л","",funhitsydy,"Фунгіцид",12.08,10.06,11.07,USD,"dezaral-ekstra-ks-ukravit","Дезарал Екстра, КС","20 л",premium,84
2367,new-packaging,"Укравіт","Укравіт","Делавіт","1 л","Дитіанон, 350 г/л","",funhitsydy,"Фунгіцид",34.5,28.75,31.63,USD,"delavit-ukravit","Делавіт","5 л",premium,85
2368,new-packaging,"Укравіт","Укравіт","Джек Пот, КЕ","1 л","Дифеноконазол, 200 г/л + пенконазол, 100 г/л","",funhitsydy,"Фунгіцид",37.26,31.05,34.16,USD,"dzhek-pot-ke-ukravit","Джек Пот, КЕ","5 л",premium,88
2369,new-packaging,"Укравіт","Укравіт","Захист, ЗП","1 л","Цимоксаніл, 250 г/кг + металаксил 100, г/кг","",funhitsydy,"Фунгіцид",26.45,22.04,24.24,USD,"zakhyst-zp-ukravit","Захист, ЗП","5 л",premium,92
2370,new-packaging,"Укравіт","Укравіт","Капітал, КС","5 л","Ципроконазол, 60 г/л + азоксистробін, 150 г/л + епоксиконазол, 50 г/л","",funhitsydy,"Фунгіцид",29.9,24.92,27.41,USD,"kapital-ks-ukravit","Капітал, КС","10 л",premium,96
2371,new-packaging,"Укравіт","Укравіт","Сінан, КС","5 л","Піраклостробін, 130 г/л+ дифеноконазол, 130 г/л","",funhitsydy,"Фунгіцид",23,19.17,21.09,USD,"sinan-ks-ukravit","Сінан, КС","10 л",premium,104
2372,new-packaging,"Укравіт","Укравіт","Унікаль, КС","5 л","Тебуконазол, 250 г/л","",funhitsydy,"Фунгіцид",9.2,7.67,8.44,USD,"unikal-ks-ukravit","Унікаль, КС","10;20",premium,109
2373,new-packaging,"Укравіт","Укравіт","Унікаль МАКС, КС","5 л","Тебуконазол, 500 г/л","",funhitsydy,"Фунгіцид",16.1,13.42,14.76,USD,"unikal-maks-ks-ukravit","Унікаль МАКС, КС","10 л",premium,111
2374,new-packaging,"Укравіт","Укравіт","Цілитель, ЗП","1 л","Металаксил, 80 г/кг + манкоцеб, 640 г/кг","",funhitsydy,"Фунгіцид",14.95,12.46,13.71,USD,"tsilytel-zp-ukravit","Цілитель, ЗП","5 л",premium,117
2375,new-sku,"Грін Експрес","Грін Експрес","Аплігатор","10 л","Хлорокис міді 700г/л","1,2-1,6 л/га",funhitsydy,"Фунгіцид",23.89,19.91,21.9,USD,"","","",,4
2376,new-sku,"Грін Експрес","Грін Експрес","Аспект","1 кг","манкоцеб 800 г/кг","1,2-1,6 л/га",funhitsydy,"Фунгіцид",12.05,10.04,11.04,USD,"","","",,5
2377,new-sku,"Грін Експрес","Грін Експрес","Балеро","10 л","пропіконазол 250 г/л","0,5 л/га",funhitsydy,"Фунгіцид",12.4,10.33,11.36,USD,"","","",,8
2378,new-sku,"Грін Експрес","Грін Експрес","Композит","10 л","карбендазим 500 г/л","0,3-1,5 л/га",funhitsydy,"Фунгіцид",8.55,7.13,7.84,USD,"","","",,37
2379,new-sku,"Грін Експрес","Грін Експрес","Рапідус","","йодосульфурон-метил-натрію, 50г/кг + мефенпір-діетил, 150г/кг","",funhitsydy,"Фунгіцид",51.52,42.94,47.23,USD,"","","",,50
2380,new-sku,"Грін Експрес","Грін Експрес","Сигнал","500 г","боскалід 500 г/кг","0,2-0,3 л/га",funhitsydy,"Фунгіцид",62.52,52.1,57.31,USD,"","","",,52
2381,new-sku,"Грін Експрес","Грін Експрес","Старлайт","5 л","азоксистробін 250 г/л","0,6-1,0 л/га",funhitsydy,"Фунгіцид",17.02,14.18,15.6,USD,"","","",,56
2382,new-sku,"Грін Експрес","Грін Експрес","Фортеця Тотал","10 л","тебуконазол 250 г/л","0,5-1,0 л/га",funhitsydy,"Фунгіцид",10.48,8.74,9.61,USD,"","","",,69
2383,new-sku,"Грін Експрес","Грін Експрес","Цензор XL","5 л","дифеноконазол 33,7г/л +металаксил-М 2,7 г/л","1,5-2,0 л/т",funhitsydy,"Фунгіцид",9.43,7.86,8.65,USD,"","","",,70
2384,new-sku,"Грін Експрес","Грін Експрес","Цензор Д","5 л","дифеноконазол 400 г/л","1,5-2,0 л/т",funhitsydy,"Фунгіцид",16.66,13.88,15.27,USD,"","","",,71
3045,existing,"Нертус","Нертус","Боксер, КС","5 л","ацетаміприд, 115 г/л, лямбда-цигалотрин, 106 г/л","",insektitsydy,"Інсектицид",16.58,13.81,15.19,USD,"bokser-ks-nertus","Боксер, КС","5 л",econom,68
3046,existing,"Нертус","Нертус","Готіка, КС","5 л","лямбда-цигалотрин, 106 г/л тіаметоксам, 141 г/л","",insektitsydy,"Інсектицид",13.02,10.85,11.94,USD,"hotika-ks-nertus","Готіка, КС","5 л",econom,72
3047,existing,"Нертус","Нертус","Кайзер","5 л","тіаметоксам, 350г/л","",insektitsydy,"Інсектицид",12.63,10.53,11.58,USD,"kaizer-nertus","Кайзер","5 л",econom,96
3048,existing,"Нертус","Нертус","Контадор Дуо, КС","1 л","імідаклоприд, 300 г/л; лямбда-цигалотрин, 100 г/л","",insektitsydy,"Інсектицид",15.39,12.83,14.11,USD,"kontador-duo-ks-nertus","Контадор Дуо, КС","1 л",econom,77
3049,existing,"Нертус","Нертус","Контадор Макси, ТН","5 л","імідаклоприд, 600 г/л","",insektitsydy,"Інсектицид",19.26,16.05,17.66,USD,"kontador-maksy-tn-nertus","Контадор Макси, ТН","5 л",econom,94
3050,existing,"Нертус","Нертус","Президен, КС","5 л","імідаклоприд, 140 г/л, лямбда-цигалотрин, 100 г/л ацетаміприд, 160 г/л","",insektitsydy,"Інсектицид",18.52,15.44,16.98,USD,"prezyden-ks-nertus","Президен, КС","5 л",econom,79
3051,existing,"Нертус","Нертус","Тіара, ВГ","0.25 кг","тіаметоксам, 250г/кг","",insektitsydy,"Інсектицид",25.65,21.38,23.52,USD,"tiara-vh-nertus","Тіара, ВГ","0.25 кг",econom,82
3052,existing,"Нертус","Нертус","Торсіда, КЕ","1 л","лямбда-цигалотрин, 300 г/л","",insektitsydy,"Інсектицид",23.68,19.74,21.71,USD,"torsida-ke-nertus","Торсіда, КЕ","1 л",econom,83
3053,existing,"Нертус","Нертус","Фатрін  КЕ","5 л","альфа-циперметрин, 100 г/л","",insektitsydy,"Інсектицид",9.16,7.64,8.4,USD,"fatrin-ke-nertus","Фатрін КЕ","5 л",econom,85
3054,existing,"Нертус","Нертус","Шаман, КЕ","5 л","хлорпірифос, 500 г/л; циперметрин, 50 г/л","",insektitsydy,"Інсектицид",8.88,7.4,8.14,USD,"shaman-ke-nertus","Шаман, КЕ","5 л",econom,88
3055,existing,"Нопосон","Нопосон","АКІНАК","5 л","Лямбдацигалотрин, 50 г/л + Імідоклаприд, 150 г/л","0,15-0,25 л/га",insektitsydy,"Інсектицид",8.63,7.2,7.92,USD,"akinak-noposon","АКІНАК","5 л",econom,19
3056,existing,"Нопосон","Нопосон","НІРВАНА","5 л","Хлорпірифос, 500 г/л + Циперметрин, 50 г/л","0,75-1,8 л/га",insektitsydy,"Інсектицид",8.12,6.77,7.45,USD,"nirvana-noposon","НІРВАНА","5 л",econom,18
3090,existing,"Укравіт","Укравіт","Антигусинь, КС","5 л","Лямбда-цигалотрин, 50 г/л","",insektitsydy,"Інсектицид",6.67,5.56,6.12,USD,"antyhusyn-ks-ukravit","Антигусинь, КС","5 л",premium,55
3091,existing,"Укравіт","Укравіт","Антикліщ МАКС, КЕ","5 л","Піридабен, 150г/л + піріміфос-метил, 200г/л + ацетаміприд, 50г/л","",insektitsydy,"Інсектицид",29.9,24.92,27.41,USD,"antyklishch-maks-ke-ukravit","Антикліщ МАКС, КЕ","5 л",premium,56
3092,existing,"Укравіт","Укравіт","Антиколорад МАКС, КС","5 л","Імідаклоприд,300 г/л + лямбда-цигалотри,100 г/л","",insektitsydy,"Інсектицид",16.67,13.9,15.29,USD,"antykolorad-maks-ks-ukravit","Антиколорад МАКС, КС","5 л",premium,57
3093,existing,"Укравіт","Укравіт","Антихрущ,КС","5 л","Біфентрин, 100 г/л + імідаклоприд, 100 г/л","",insektitsydy,"Інсектицид",18.4,15.33,16.86,USD,"antykhrushch-ks-ukravit","Антихрущ,КС","5 л",premium,58
3094,existing,"Укравіт","Укравіт","АЦ Люкс Ліквід, ЗП","5 л","Ацетаміприд, 200 г/кг","",insektitsydy,"Інсектицид",11.5,9.58,10.54,USD,"ats-lyuks-likvid-zp-ukravit","АЦ Люкс Ліквід, ЗП","5 л",premium,61
3095,existing,"Укравіт","Укравіт","АЦ Люкс, ЗП","1 л","Ацетаміприд, 200 г/кг","",insektitsydy,"Інсектицид",10.35,8.63,9.49,USD,"ats-lyuks-zp-ukravit","АЦ Люкс, ЗП","1 л",premium,59
3096,existing,"Укравіт","Укравіт","Бельвін, КС","1 л","Флубендіамід, 480г/л","",insektitsydy,"Інсектицид",184,153.33,168.66,USD,"belvin-ks-ukravit","Бельвін, КС","1 л",premium,63
3097,existing,"Укравіт","Укравіт","Венон, КС","5 л","клотіанідин 200г/л+альфа-циперметрин, 100г/л","",insektitsydy,"Інсектицид",18.4,15.33,16.86,USD,"venon-ks-ukravit","Венон, КС","5 л",premium,64
3098,existing,"Укравіт","Укравіт","Димевіт, КЕ","20 л","Диметоат, 400г/л","",insektitsydy,"Інсектицид",10.35,8.63,9.49,USD,"dymevit-ke-ukravit","Димевіт, КЕ","20 л",premium,65
3099,existing,"Укравіт","Укравіт","Екзор,ТН","5 л","Тіаметоксам, 600 г/л","",insektitsydy,"Інсектицид",25.88,21.56,23.72,USD,"ekzor-tn-ukravit","Екзор,ТН","5 л",premium,121
3100,existing,"Укравіт","Укравіт","Ескаліп, КС","5 л","Абамектин, 30 г/л + спіродиклофен, 200 г/л","",insektitsydy,"Інсектицид",28.75,23.96,26.36,USD,"eskalip-ks-ukravit","Ескаліп, КС","5 л",premium,66
3101,existing,"Укравіт","Укравіт","Ландін, ТН","5 л","клотіанідин 525г/л+біфентрин, 125г/л","",insektitsydy,"Інсектицид",34.5,28.75,31.63,USD,"landin-tn-ukravit","Ландін, ТН","5 л",premium,123
3102,existing,"Укравіт","Укравіт","Лювітор, КС","5 л","Тіаклоприд, 240 г/л","",insektitsydy,"Інсектицид",26.45,22.04,24.24,USD,"lyuvitor-ks-ukravit","Лювітор, КС","5 л",premium,67
3103,existing,"Укравіт","Укравіт","Люкс Максі, КС","5 л","Неонікотиноїди","",insektitsydy,"Інсектицид",23,19.17,21.09,USD,"lyuks-maksi-ks-ukravit","Люкс Максі, КС","5 л",premium,62
3104,existing,"Укравіт","Укравіт","Матадор, ТН","5 л","Імідаклоприд, 500 г/л","",insektitsydy,"Інсектицид",12.65,10.54,11.59,USD,"matador-tn-ukravit","Матадор, ТН","5 л",premium,125
3105,existing,"Укравіт","Укравіт","Тендор, ВГ NEW 2026","0.5 л","Флонікамід, 500 г/кг","",insektitsydy,"Інсектицид",230,191.67,210.84,USD,"tendor-vh-new-2026-ukravit","Тендор, ВГ NEW 2026","0.5 л",premium,69
3106,existing,"Укравіт","Укравіт","Туріл, ВГ","0.5 л","Емамектин бензоат, 100 г/кг","",insektitsydy,"Інсектицид",49.45,41.21,45.33,USD,"turil-vh-ukravit","Туріл, ВГ","0.5 л",premium,70
3107,existing,"Укравіт","Укравіт","Фас","5 л","Альфа-циперметрин, 100 г/л","",insektitsydy,"Інсектицид",6.33,5.27,5.8,USD,"fas-ukravit","Фас","5 л",premium,68
3108,existing,"Укравіт","Укравіт","ХімАрс (АТО ЖУК)","5 л","Тіаметоксам, 250 г/л + лямбда-цигалотрин, 80г/л + альфа-ципереметрин, 15г/л","",insektitsydy,"Інсектицид",20.13,16.77,18.45,USD,"khimars-ato-zhuk-ukravit","ХімАрс (АТО ЖУК)","5 л",premium,72
3109,existing,"Укравіт","Укравіт","Хлорпірівіт-агро, КЕ","10;20","Хлорпірифос, 500 г/л + циперметрин, 50 г/л","",insektitsydy,"Інсектицид",11.04,9.2,10.12,USD,"khlorpirivit-ahro-ke-ukravit","Хлорпірівіт-агро, КЕ","10;20",premium,73
3124,existing,"ALFASMARTAGRO","Alfa Smart Agro","Залп, КЕ","5 л","хлорпірифос, 500 г/л +циперметрин, 50 г/л","0,75-1,5",insektitsydy,"Інсектицид",8.03,6.69,7.36,USD,"zalp-ke-alfa-smart-agro","Залп, КЕ","5 л",premium,80
3128,existing,"ALFASMARTAGRO","Alfa Smart Agro","Логус, КС","1 л","емамектин беннзоат, 100г/л+альфа-циперметрин, 100г/л","",insektitsydy,"Інсектицид",41.81,34.84,38.32,USD,"lohus-ks-alfa-smart-agro","Логус, КС","1 л",premium,79
3129,existing,"ALFASMARTAGRO","Alfa Smart Agro","Лонгас, ЗП","1 л","гекситіазокс, 180 г/л + абамектін, 70 г/л","",insektitsydy,"Інсектицид",82.5,68.75,75.63,USD,"lonhas-zp-alfa-smart-agro","Лонгас, ЗП","1 л",premium,86
3130,existing,"ALFASMARTAGRO","Alfa Smart Agro","Наповал, КС","5 л","імідаклоприд, 300 г/л + альфа-циперметрин, 100 г/л","0,15-0,2",insektitsydy,"Інсектицид",13.86,11.55,12.71,USD,"napoval-ks-alfa-smart-agro","Наповал, КС","5 л",premium,81
3131,existing,"ALFASMARTAGRO","Alfa Smart Agro","Нокаут Екстра, КС","5 л","альфа-циперметрин, 200 г/л","0,05-0,125",insektitsydy,"Інсектицид",9.35,7.79,8.57,USD,"nokaut-ekstra-ks-alfa-smart-agro","Нокаут Екстра, КС","5 л",premium,82
3132,existing,"ALFASMARTAGRO","Alfa Smart Agro","Разит, КС","1 л","імідаклоприд, 140 г/л + ацетамиприд, 160 г/л + альфа-циперметрин, 100 г/л","0,1-0,2",insektitsydy,"Інсектицид",17.59,14.66,16.13,USD,"razyt-ks-alfa-smart-agro","Разит, КС","1 л",premium,83
3133,existing,"ALFASMARTAGRO","Alfa Smart Agro","Сінтак, КС","1 л","гекситіазокс, 204 г/л + абамектін, 36 г/л","0,12-0,3",insektitsydy,"Інсектицид",71.51,59.59,65.55,USD,"sintak-ks-alfa-smart-agro","Сінтак, КС","1 л",premium,87
3134,existing,"ALFASMARTAGRO","Alfa Smart Agro","СуперБізон, КЕ","10 л","диметоат, 400 г/л","0,5-3,0",insektitsydy,"Інсектицид",7.43,6.19,6.81,USD,"superbizon-ke-alfa-smart-agro","СуперБізон, КЕ","10 л",premium,84
3135,existing,"ALFASMARTAGRO","Alfa Smart Agro","Флайп, КС","5 л","тіаклоприд, 245 г/л","",insektitsydy,"Інсектицид",20.8,17.33,19.06,USD,"flaip-ks-alfa-smart-agro","Флайп, КС","5 л",premium,85
3136,existing,"Himagro","Himagro","ГЕКСОРАН, КС","5 л","гекситіазокс 450 г/л","0.1",insektitsydy,"Інсектицид",90.85,75.71,83.28,USD,"heksoran-ks-himagro","ГЕКСОРАН, КС","5 л",econom,122
3137,existing,"Himagro","Himagro","ЗЕНІТ, РК","0.5 л","імідаклоприд, 200 г/л","0,2 - 0,25",insektitsydy,"Інсектицид",19.55,16.29,17.92,USD,"zenit-rk-himagro","ЗЕНІТ, РК","0.5 л",econom,102
3138,existing,"Himagro","Himagro","КОЛОРИТ","1 л","тіаклоприд 480г/л","0,1-0,2",insektitsydy,"Інсектицид",36.23,30.19,33.21,USD,"koloryt-himagro","КОЛОРИТ","1 л",econom,100
3139,existing,"Himagro","Himagro","НЬЮСТАР","0.5 л","зета-циперметрин, 100г/л","0.07",insektitsydy,"Інсектицид",10.35,8.63,9.49,USD,"nyustar-himagro","НЬЮСТАР","0.5 л",econom,113
3140,existing,"Himagro","Himagro","ОПЕРКОТ АКРО, КЕ","20 л","імідаклоприд, 300 г/л і лямбда-цигалотрин 100 г/л","0,15 - 0,2",insektitsydy,"Інсектицид",13.8,11.5,12.65,USD,"operkot-akro-ke-himagro","ОПЕРКОТ АКРО, КЕ","20 л",econom,106
3141,existing,"Himagro","Himagro","РАНЧО, КС","5 л","клотіанідін,480 г/л","0.04",insektitsydy,"Інсектицид",24.15,20.13,22.14,USD,"rancho-ks-himagro","РАНЧО, КС","5 л",econom,111
3142,existing,"Himagro","Himagro","ТАУРУС, ЗП","1 кг","піридабен, 200 г/кг","0,5 - 0,9",insektitsydy,"Інсектицид",19.55,16.29,17.92,USD,"taurus-zp-himagro","ТАУРУС, ЗП","1 кг",econom,124
3143,existing,"Himagro","Himagro","ФАРАОН, КЕ","20 л","хлорпірифос 480 г/л і лямбда-цигалотрин 7,5 г/л","1,0-1,5",insektitsydy,"Інсектицид",7.82,6.52,7.17,USD,"faraon-ke-himagro","ФАРАОН, КЕ","20 л",econom,117
3144,existing,"Himagro","Himagro","ФОСТРАН, КЕ","1 л","диметоат 400 г/л","0,5-3,1",insektitsydy,"Інсектицид",8.63,7.19,7.91,USD,"fostran-ke-himagro","ФОСТРАН, КЕ","1 л",econom,119
3145,existing,"PEST.UA","PEST.UA","Альберто,ТН","5 л","тіаметоксам, 350 г/л","0,4 - 1,0",insektitsydy,"Інсектицид",9.72,8.1,8.91,USD,"alberto-tn-pest-ua","Альберто,ТН","5 л",econom,3
3146,existing,"PEST.UA","PEST.UA","Андерс, КЕ","5 л","імідаклоприд, 300 г/л + лямдацигалотрин, 100 г/л","0,05-0,1",insektitsydy,"Інсектицид",12.44,10.37,11.41,USD,"anders-ke-pest-ua","Андерс, КЕ","5 л",econom,4
3147,existing,"PEST.UA","PEST.UA","Лайнер, ТН","5 л","імідаклоприд, 600 г/л","0,4 - 10,0",insektitsydy,"Інсектицид",17.53,14.61,16.07,USD,"lainer-tn-pest-ua","Лайнер, ТН","5 л",econom,17
3148,existing,"PEST.UA","PEST.UA","Лютер, КЕ","5 л","альфа-циперметрин, 100 г/л","0,1 - 0,25",insektitsydy,"Інсектицид",5.27,4.39,4.83,USD,"lyuter-ke-pest-ua","Лютер, КЕ","5 л",econom,18
3149,existing,"PEST.UA","PEST.UA","Форинт, КЕ","5 л","хлорпіріфос, 500 г/л + циперметрин, 50 г/л","0,75 - 1,5",insektitsydy,"Інсектицид",7.35,6.12,6.73,USD,"forynt-ke-pest-ua","Форинт, КЕ","5 л",econom,32
3175,new-sku,"Нертус","Нертус","Ветеран РК","1 л","ацетаміприд, 200 г/л","",insektitsydy,"Інсектицид",9.96,8.3,9.13,USD,"","","",,69
3176,new-packaging,"Нертус","Нертус","Готіка, КС","1 л","лямбда-цигалотрин, 106 г/л тіаметоксам, 141 г/л","",insektitsydy,"Інсектицид",14.13,11.78,12.96,USD,"hotika-ks-nertus","Готіка, КС","5 л",econom,71
3177,new-packaging,"Нертус","Нертус","Шаман, КЕ","1 л","хлорпірифос, 500 г/л; циперметрин, 50 г/л","",insektitsydy,"Інсектицид",9.66,8.05,8.86,USD,"shaman-ke-nertus","Шаман, КЕ","5 л",econom,87
3178,new-packaging,"Нертус","Нертус","Контадор Макси, ТН","1 л","імідаклоприд, 600 г/л","",insektitsydy,"Інсектицид",20.33,16.94,18.63,USD,"kontador-maksy-tn-nertus","Контадор Макси, ТН","5 л",econom,93
3179,new-packaging,"Нертус","Нертус","Кайзер","1 л","тіаметоксам, 350г/л","",insektitsydy,"Інсектицид",13.74,11.45,12.6,USD,"kaizer-nertus","Кайзер","5 л",econom,95
3180,new-sku,"PEST.UA","PEST.UA","Полкар, ВП","пакет 0,5-1 кг","ацетаміприд, 200 г/кг","0,1 - 0,15",insektitsydy,"Інсектицид",9.11,7.59,8.35,USD,"","","",,21
3181,new-packaging,"ALFASMARTAGRO","Alfa Smart Agro","Клондайк, ТН","4*5л.","тіаметоксам, 350 г/л","",insektitsydy,"Інсектицид",12.11,10.09,11.1,USD,"klondaik-tn-alfa-smart-agro","Клондайк, ТН","5 л",premium,7
3182,new-packaging,"ALFASMARTAGRO","Alfa Smart Agro","Командор Екстра, ТН","4*5л.","імідаклоприд, 600 г/л","0,2-12,0л/т",insektitsydy,"Інсектицид",22.01,18.34,20.17,USD,"komandor-ekstra-tn-alfa-smart-agro","Командор Екстра, ТН","5 л",premium,9
3183,new-packaging,"ALFASMARTAGRO","Alfa Smart Agro","Командор Гранд, ТН","4*5л.","імідаклоприд, 500г/л+альфа-циперметрин, 50 г/л","0,3-10,0л/т",insektitsydy,"Інсектицид",24.19,20.16,22.18,USD,"komandor-hrand-tn-alfa-smart-agro","Командор Гранд, ТН","5 л",premium,10
3184,new-packaging,"ALFASMARTAGRO","Alfa Smart Agro","Актуал, КЕ","5л.","піриміфос-метил, 500 г/л","",insektitsydy,"Інсектицид",34.6,28.83,31.71,USD,"aktual-ke-alfa-smart-agro","Актуал, КЕ","5 л",premium,75
3185,new-packaging,"ALFASMARTAGRO","Alfa Smart Agro","Амбір, СК","1л.","лямбда-цигалатрин, 300 г/л","",insektitsydy,"Інсектицид",33.66,28.05,30.86,USD,"ambir-sk-alfa-smart-agro","Амбір, СК","1 л",premium,76
3186,new-packaging,"ALFASMARTAGRO","Alfa Smart Agro","Арданіс, СК","5л.","клотіанідін, 250г/л + бета-цифлутрин, 50 г/л","",insektitsydy,"Інсектицид",19.01,15.84,17.42,USD,"ardanis-sk-alfa-smart-agro","Арданіс, СК","5 л",premium,77
3187,new-packaging,"ALFASMARTAGRO","Alfa Smart Agro","Віарес, КС","1л.","ацетаміприд, 300 г/л","0,06-0,3",insektitsydy,"Інсектицид",15.41,12.84,14.12,USD,"viares-ks-alfa-smart-agro","Віарес, КС","1 л",premium,78
3188,new-sku,"АХТ","АХТ","Асистент Максі","банка 1кг","Ацетаміприд, 400 г/кг","0,04-0,2",insektitsydy,"Інсектицид",20.83,17.36,19.1,USD,"","","",,28
3189,new-sku,"АХТ","АХТ","Атрікс Максі","5 л","Альфа-циперметрин, 400 г/л","0,1-0,25",insektitsydy,"Інсектицид",19.36,16.13,17.74,USD,"","","",,29
3190,new-sku,"АХТ","АХТ","Еміприд Про","5 л","ацетаміприд, 60 г/кг + емамектин бензоат, 40 г/кг+ біфентрин, 30 г/л","0,15-0,25",insektitsydy,"Інсектицид",18.36,15.3,16.83,USD,"","","",,30
3191,new-sku,"АХТ","АХТ","Канонір Дуо","1 л","Імідаклоприд, 300 г/л + лямбда-цигалотрин, 100 г/л","0,05-0,15",insektitsydy,"Інсектицид",15.05,12.54,13.79,USD,"","","",,31
3192,new-sku,"АХТ","АХТ","Канонір Дуо","5 л","Імідаклоприд, 300 г/л + лямбда-цигалотрин, 100 г/л","0,05-0,15",insektitsydy,"Інсектицид",14.38,11.98,13.18,USD,"","","",,32
3193,new-sku,"АХТ","АХТ","Лаготрин","1 л","лямбда-цигалотрин, 250 г/л","0,025-0,085",insektitsydy,"Інсектицид",29.08,24.23,26.65,USD,"","","",,33
3194,new-sku,"АХТ","АХТ","Піризокс","1 кг","гекситіазокс, 140 г/кг
піридабен, 300 г/кг","0,3-0,5",insektitsydy,"Інсектицид",45.31,37.76,41.54,USD,"","","",,34
3195,new-sku,"АХТ","АХТ","Тіаклотрин-М","5 л","тіаметоксам 200 г/л, клотіанідин 50 г/л, бета-цифлутрин 50 г/л","0,1-0,25",insektitsydy,"Інсектицид",17.63,14.69,16.16,USD,"","","",,35
3196,new-sku,"АХТ","АХТ","Фосорган Дуо","5 л","Хлорпірифос, 500 г/л + циперметрин, 50 г/л","0,5-1,5",insektitsydy,"Інсектицид",8.28,6.9,7.59,USD,"","","",,36
3197,new-sku,"АХТ","АХТ","Канонір Ультра","5 л","Імідаклоприд, 600 г/л","0,3-9,0",insektitsydy,"Інсектицид",21.48,17.9,19.69,USD,"","","",,51
3198,new-sku,"АХТ","АХТ","Тіатрин","5 л","тіаметоксам 500 г / л +
бета-цифлутрин 50 г / л","0,3-7,0",insektitsydy,"Інсектицид",24.54,20.45,22.5,USD,"","","",,53
3199,new-packaging,"Укравіт","Укравіт","АЦ Люкс Ліквід, ЗП","1 л","Ацетаміприд, 200 г/кг","",insektitsydy,"Інсектицид",12.08,10.06,11.07,USD,"ats-lyuks-likvid-zp-ukravit","АЦ Люкс Ліквід, ЗП","5 л",premium,60
3200,new-packaging,"Укравіт","Укравіт","Туріл, ВГ","2.5 л","Емамектин бензоат, 100 г/кг","",insektitsydy,"Інсектицид",49.45,41.21,45.33,USD,"turil-vh-ukravit","Туріл, ВГ","0.5 л",premium,71
3201,new-packaging,"Укравіт","Укравіт","Хлорпірівіт-агро, КЕ","5 л","Хлорпірифос, 500 г/л + циперметрин, 50 г/л","",insektitsydy,"Інсектицид",11.39,9.49,10.44,USD,"khlorpirivit-ahro-ke-ukravit","Хлорпірівіт-агро, КЕ","10;20",premium,74
3202,new-sku,"Грін Експрес","Грін Експрес","Альфазол","5 л","імідаклоприд 200 г/л","0,2-0,3 л/га",insektitsydy,"Інсектицид",11.35,9.46,10.41,USD,"","","",,3
3203,new-sku,"Грін Експрес","Грін Експрес","Ацетам","1 кг","ацетаміприд 400 г/л","1,2-1,6 л/га",insektitsydy,"Інсектицид",15.38,12.82,14.1,USD,"","","",,6
3204,new-sku,"Грін Експрес","Грін Експрес","Вайпер","5 л","клотіанід 600г/л конц-т","3,5-4,5 л/т",insektitsydy,"Інсектицид",29.35,24.46,26.91,USD,"","","",,10
3205,new-sku,"Грін Експрес","Грін Експрес","Каратель","5 л","лямбда-цигалотрин 50 г/л","0,1-0,8 л/га",insektitsydy,"Інсектицид",7.86,6.55,7.21,USD,"","","",,34
3206,new-sku,"Грін Експрес","Грін Експрес","Каратель плюс","5 л","біфентрин 100 г/л","0,1-0,8 л/га",insektitsydy,"Інсектицид",18.86,15.72,17.29,USD,"","","",,35
3207,new-sku,"Грін Експрес","Грін Експрес","Команч","1 кг","імідаклоприд 700 г/кг","0,5-28 кг/1т",insektitsydy,"Інсектицид",32.83,27.36,30.1,USD,"","","",,36
3208,new-sku,"Грін Експрес","Грін Експрес","Префект","5 л","гекситіазокс 100г/л","0,3-0,6 л/га",insektitsydy,"Інсектицид",35.63,29.69,32.66,USD,"","","",,51
3209,new-sku,"Грін Експрес","Грін Експрес","Спірос","5 л","спіротетрамат 240 г/л","0,3-0,5 л/га",insektitsydy,"Інсектицид",49.25,41.04,45.14,USD,"","","",,55
3210,new-sku,"Грін Експрес","Грін Експрес","Тіапрід","1 л","тіаклоприд 480 г/л","0,1-0,2 л/га",insektitsydy,"Інсектицид",42.96,35.8,39.38,USD,"","","",,62
4025,existing,"Нертус","Нертус","Бакаш, ТН","5 л","дифеноконазол, 50 г/л, імазаліл, 50г/л, азоксистробін, 20г/л, тіаметоксам, 250 г/л","",protruyniky,"Протруйник",28.95,24.13,26.54,USD,"bakash-tn-nertus","Бакаш, ТН","5 л",econom,91
4027,existing,"Нопосон","Нопосон","БРИГІД","5 л","Тіаметоксам, 150 г/л +тебуконазол, 50 г/л +Азоксистробін 50 г/л","0,4-0,8 л/т",protruyniky,"Протруйник",25.83,21.53,23.68,USD,"bryhid-noposon","БРИГІД","5 л",econom,28
4049,existing,"Укравіт","Укравіт","Баріон,ЕН","5 л","Флудиоксоніл, 25г/л +протіоконазол, 25г/л + флуопірам, 7,5г/л + тіаметоксам, 150г/л","",protruyniky,"Протруйник",23,19.17,21.09,USD,"barion-en-ukravit","Баріон,ЕН","5 л",premium,120
4050,existing,"Укравіт","Укравіт","Паскаль, ТН","5 л","Флудиоксаніл, 50 г/л. + тебуконазол, 30 г/л. +азоксистробін, 20 г/л., + тіаметоксам, 250 г/д.","",protruyniky,"Протруйник",34.5,28.75,31.63,USD,"paskal-tn-ukravit","Паскаль, ТН","5 л",premium,126
4054,existing,"Himagro","Himagro","БІМАКС, ТН","5 л","тіаметоксам, 250 г/л + тебуконазол, 30 г/л","0,8-1,0",protruyniky,"Протруйник",16.1,13.42,14.76,USD,"bimaks-tn-himagro","БІМАКС, ТН","5 л",econom,183
4057,existing,"Himagro","Himagro","НОМІНАЛ УЛЬТРА, ТН","10 л","тіаметоксам, 350 г/л","4,0-10,0",protruyniky,"Протруйник",12.08,10.06,11.07,USD,"nominal-ultra-tn-himagro","НОМІНАЛ УЛЬТРА, ТН","10 л",econom,186
4058,existing,"Himagro","Himagro","СИДГАРД, ТН","5 л","флудіоксоніл, 25г/л","1,5-2,0",protruyniky,"Протруйник",18.17,15.14,16.65,USD,"sydhard-tn-himagro","СИДГАРД, ТН","5 л",econom,189
4059,existing,"Himagro","Himagro","ТЕБУЗАН УЛЬТРА, ТН","1 л","тебуконазол 120 г/л","0.2",protruyniky,"Протруйник",10.35,8.63,9.49,USD,"tebuzan-ultra-tn-himagro","ТЕБУЗАН УЛЬТРА, ТН","1 л",econom,192
4060,existing,"Himagro","Himagro","ТІАБЕН Т, ТН","5 л","тритіконазол,80 г/л;тіабендазол 80 г/л, Мікроелементи:В 3,0 г/л, Zn 5,0 г/л","0,4-0,5",protruyniky,"Протруйник",29.56,24.63,27.09,USD,"tiaben-t-tn-himagro","ТІАБЕН Т, ТН","5 л",econom,193
4061,existing,"Himagro","Himagro","ТРІОЛАН, ТН","5 л","тіаметоксам 175 г/л + тритіконазол 40 г/л +
 прохлораз 120 г/л","0,8-1,0",protruyniky,"Протруйник",27.6,23,25.3,USD,"triolan-tn-himagro","ТРІОЛАН, ТН","5 л",econom,181
4067,new-sku,"Himagro","Himagro","Бактолайв актив соіл","7.5 кг","","",protruyniky,"Протруйник",16.1,13.42,14.76,USD,"","","",,204
5008,existing,"ALFASMARTAGRO","Alfa Smart Agro","Альфа-Дикват Форте, РК","10 л","дикват, 300 г/л","1,5-5,1",desykanty,"Десикант",5.52,4.6,5.06,USD,"alfa-dykvat-forte-rk-alfa-smart-agro","Альфа-Дикват Форте, РК","10 л",premium,89
5009,existing,"ALFASMARTAGRO","Alfa Smart Agro","Альфа-Дикват, РК","10 л","дикват, 150 г/л","1,5-5,0",desykanty,"Десикант",3.3,2.75,3.03,USD,"alfa-dykvat-rk-alfa-smart-agro","Альфа-Дикват, РК","10 л",premium,88
5010,existing,"Himagro","Himagro","ДИКВАТ, РК","20 л","дикват, 150 г/л","1,5 - 3,0",desykanty,"Десикант",3.68,3.07,3.38,USD,"dykvat-rk-himagro","ДИКВАТ, РК","20 л",econom,97
5011,existing,"Himagro","Himagro","МЕГА ДИКВАТ, РК","20 л","дикват дибромід, 374 г/л","1,0 - 1,5",desykanty,"Десикант",6.1,5.08,5.59,USD,"meha-dykvat-rk-himagro","МЕГА ДИКВАТ, РК","20 л",econom,95
5012,existing,"PEST.UA","PEST.UA","Батман, РК","10 л","дикват,150 г/л","2,0 - 3,0",desykanty,"Десикант",2.78,2.32,2.55,USD,"batman-rk-pest-ua","Батман, РК","10 л",econom,7
5013,new-sku,"Нертус","Нертус","Скорпіон Максі, РК","20 л","дикват дибромід, 480 г/л + дикват іон, 257г/л","",desykanty,"Десикант",7.89,6.58,7.24,USD,"","","",,102
5014,new-sku,"Нертус","Нертус","Скорпіон Форте, РК","20 л","дикват дібромід, 280 г/л","",desykanty,"Десикант",6.6,5.5,6.05,USD,"","","",,103
5015,new-sku,"ALFASMARTAGRO","Alfa Smart Agro","Евадро, РК","10 л","дикват іон, 270 г/л","1,5-5,0",desykanty,"Десикант",7.64,6.37,7.01,USD,"","","",,90
5016,new-sku,"АХТ","АХТ","Регістан ПРО","20 л","дикват (іон), 250 г/л","0,6-1,0",desykanty,"Десикант",7.27,6.06,6.67,USD,"","","",,60
5017,new-sku,"Укравіт","Укравіт","Капкан (принада)","6 л","Бродіфакум, 0,005%","",desykanty,"Десикант",4.6,3.83,4.21,USD,"","","",,144
5018,new-sku,"Укравіт","Укравіт","Захват Ойл, ЕВ","5 л","Адьювант","",desykanty,"Десикант",5.18,4.31,4.74,USD,"","","",,148
5019,new-sku,"Укравіт","Укравіт","Захват Ойл, ЕВ","10 л","Адьювант","",desykanty,"Десикант",4.94,4.12,4.53,USD,"","","",,149
5020,new-sku,"Грін Експрес","Грін Експрес","Суховій Форте","20 л","дикват 374 г/л","1,3-2,0 л/га",desykanty,"Десикант",6.81,5.68,6.25,USD,"","","",,59
6017,existing,"Укравіт","Укравіт","Брілон,РК","20 л","Етефон, 480 г/л","",regulyatory,"Регулятор росту",9.2,7.67,8.44,USD,"brilon-rk-ukravit","Брілон,РК","20 л",premium,141
6018,existing,"Укравіт","Укравіт","Гулівер РК (Берегиня)","20 л","Хлормекват-хлорид, 700 г/л","",regulyatory,"Регулятор росту",5.52,4.6,5.06,USD,"huliver-rk-berehynya-ukravit","Гулівер РК (Берегиня)","20 л",premium,140
6019,existing,"ALFASMARTAGRO","Alfa Smart Agro","Альфа-Етафон, РК","5 л","етефон, 480 г/л","0,5-4,0",regulyatory,"Регулятор росту",7.68,6.4,7.04,USD,"alfa-etafon-rk-alfa-smart-agro","Альфа-Етафон, РК","5 л",premium,101
6020,existing,"Himagro","Himagro","АКУРА","1 л","мепікват-хлорид, 300 г/л","0,7-1,1",regulyatory,"Регулятор росту",12.08,10.06,11.07,USD,"akura-himagro","АКУРА","1 л",econom,214
6021,existing,"Himagro","Himagro","СТОПРОСТ, РК   *","10 л","Хлормекват-хлорид, 750 г/л","1,0 - 2,0",regulyatory,"Регулятор росту",5.75,4.79,5.27,USD,"stoprost-rk-himagro","СТОПРОСТ, РК *","10 л",econom,213
6026,new-sku,"ALFASMARTAGRO","Alfa Smart Agro","Елістер, рідина","5 л","органо-силікон, 100% трисилоксан алкоксилат","",regulyatory,"Регулятор росту",11.88,9.9,10.89,USD,"","","",,96
6027,new-sku,"Himagro","Himagro","СУПЕР ОІЛ, К","5 л","ЖИРИ КИСЛОТИ ТРИГЛІЦИРИДІВ 80% ЕМУЛЬГАТОР ПОЛІЕФІР МОДИФІКОВАНИЙ","0,05 - 0,15 мг/га",regulyatory,"Регулятор росту",18.98,15.81,17.39,USD,"","","",,225
6028,new-sku,"Himagro","Himagro","Акселератор Гідро Бор, ВР","10 л","добриво на остнові хелатів В-11%","1,0 - 3,0",regulyatory,"Регулятор росту",4.03,3.35,3.69,USD,"","","",,236
6029,new-sku,"Himagro","Himagro","Акселератор Молібден, ЗП","1 кг","молібдат аммонію Mo- 54%","0,5-0,8",regulyatory,"Регулятор росту",63.25,52.71,57.98,USD,"","","",,237
6030,new-sku,"Himagro","Himagro","Акселератор ВП               (3-11-38), КП","1 кг","добриво на основі хелатів NPK (3:11:38), MgO – 1,5%, S – 9%, В – 0,15%, Fe – 0,55%, Mn – 0,35%, Zn – 0,17%, Сu – 0,07%, Мо – 0,01%","1,0 - 2,0",regulyatory,"Регулятор росту",40.25,33.54,36.89,USD,"","","",,239
6031,new-sku,"Himagro","Himagro","Амісил","5 л","","40-220мл/100 л",regulyatory,"Регулятор росту",6.9,5.75,6.33,USD,"","","",,242
6032,new-sku,"АХТ","АХТ","Силіон","5 л","трисилоксан (модифікований)100%","",regulyatory,"Регулятор росту",18.8,15.67,17.24,USD,"","","",,58
6033,new-sku,"АХТ","АХТ","Триолат","5 л","Метильовані рослинні олії, 700г/л +трисилоксан, 200г/л","100-200мл/100л води",regulyatory,"Регулятор росту",14.52,12.1,13.31,USD,"","","",,59
6034,new-sku,"АХТ","АХТ","Вітамин Бор","10 кг","Бор 17%","0,6-1,0",regulyatory,"Регулятор росту",4.73,3.94,4.33,USD,"","","",,61
6035,new-sku,"АХТ","АХТ","Тардер","5 л","етефон, 480 г/л","0,5-3,5",regulyatory,"Регулятор росту",7.79,6.49,7.14,USD,"","","",,63
6036,new-sku,"Укравіт","Укравіт","Maximize","9.47 л","","",regulyatory,"Регулятор росту",75.9,63.25,69.58,USD,"","","",,158
6037,new-sku,"Укравіт","Укравіт","TerraMax DRY","2.27 л","","",regulyatory,"Регулятор росту",53.48,44.56,49.02,USD,"","","",,159
6038,new-sku,"Укравіт","Укравіт","Авангард CrystalMax B-21","10 кг","B - 20,8% (208 г/кг). Кристалiчне добриво з максимальним вмiстом бору","",regulyatory,"Регулятор росту",5.75,4.79,5.27,USD,"","","",,161
6039,new-sku,"Укравіт","Укравіт","Авангард CrystalMax Fe-11","1 кг","Fe - 11% (110 г/кг). Кристалiчне добриво. Залiзо повнiстю хелатовано DTPA","",regulyatory,"Регулятор росту",11.27,9.39,10.33,USD,"","","",,162
6040,new-sku,"Укравіт","Укравіт","Авангард Азот+мікро","20 л","г/л: N - 300; SO3- 26; MgO - 10; Fe - 0,3; Mn - 4; Cu - 1; Zn - 0,3; B - 0,5; Mo - 0,1; Co - 0,01","",regulyatory,"Регулятор росту",2.88,2.4,2.64,USD,"","","",,163
6041,new-sku,"Укравіт","Укравіт","Авангард Бобові","20 л","г/л: N - 50; K2O - 10; SO3- 98; MgO - 40; Fe - 8; Mn - 6; Cu -3; Zn - 9; B - 5; Mo - 0,5; Co - 0,5","",regulyatory,"Регулятор росту",4.37,3.64,4,USD,"","","",,164
6042,new-sku,"Укравіт","Укравіт","Авангард Бор","10;20","г/л: N - 65; B - 150","",regulyatory,"Регулятор росту",4.49,3.74,4.11,USD,"","","",,165
6043,new-sku,"Укравіт","Укравіт","Авангард Буряк","20 л","г/л: N - 50; K2O - 10; SO3","",regulyatory,"Регулятор росту",3.57,2.97,3.27,USD,"","","",,166
6044,new-sku,"Укравіт","Укравіт","Авангард Виноград","5 л","г/л: P2O5- 100; K2O - 70; SO3- 16; Fe - 7; Mn - 5; Cu - 3; Zn - 5; B - 6; Mo - 0,1; Co - 0,1","",regulyatory,"Регулятор росту",4.6,3.83,4.21,USD,"","","",,167
6045,new-sku,"Укравіт","Укравіт","Авангард Зернові","20 л","г/л: N - 60; K2O - 10; SO3- 116; MgO - 40; Fe - 5; Mn - 12; Cu - 12; Zn - 10; B - 3; Mo - 0,1; Co - 0,05","",regulyatory,"Регулятор росту",3.68,3.07,3.38,USD,"","","",,168
6046,new-sku,"Укравіт","Укравіт","Авангард Калій","10;20","г/л: N - 100; CaO - 180; MgO - 10; Fe - 0,25 м, Mn - 0,1; Cu - 0,4; Zn - 0,4; B - 0,25; Mo - 0,02; Co - 0,01","",regulyatory,"Регулятор росту",6.9,5.75,6.33,USD,"","","",,169
6047,new-sku,"Укравіт","Укравіт","Авангард Кальцій","20 л","г/л: N - 100; CaO - 180; MgO - 10; Fe - 0,25 м, Mn - 0,1; Cu - 0,4; Zn - 0,4; B - 0,25; Mo - 0,02; Co - 0,01","",regulyatory,"Регулятор росту",6.9,5.75,6.33,USD,"","","",,170
6048,new-sku,"Укравіт","Укравіт","Авангард Кальцій+мікро","20 л","г/л: N - 100; CaO - 180; MgO - 10; Fe - 0,25 м, Mn - 0,1; Cu - 0,4; Zn - 0,4; B - 0,25; Mo - 0,02; Co - 0,01","",regulyatory,"Регулятор росту",3.11,2.59,2.85,USD,"","","",,171
6049,new-sku,"Укравіт","Укравіт","Авангард Картопля","5 л","г/л: N - 50; K2O - 10; SO3- 122; MgO - 50; Fe - 4; Mn - 10; Cu - 4; Zn - 8; B - 6; Mo - 0,1; Co - 0,05","",regulyatory,"Регулятор росту",3.8,3.16,3.48,USD,"","","",,172
6050,new-sku,"Укравіт","Укравіт","Авангард Кремній Біо марки А","20 л","г/л: К2О - 100; SiO2- 140; фульвокислоти, екстракт морських водоростей – 1; рН - 11-12","",regulyatory,"Регулятор росту",6.33,5.27,5.8,USD,"","","",,173
6051,new-sku,"Укравіт","Укравіт","Авангард Кукурудза","20 л","г/л: N - 55; K2O - 10; SO3- 128; MgO - 50; Fe - 5; Mn - 5; Cu - 3; Zn - 20; B - 4; Mo - 0,1; Co - 0,1","",regulyatory,"Регулятор росту",4.14,3.45,3.8,USD,"","","",,174
6052,new-sku,"Укравіт","Укравіт","Авангард Марганець","20 л","г/л: N - 50; Mn - 100","",regulyatory,"Регулятор росту",4.03,3.35,3.69,USD,"","","",,175
6053,new-sku,"Укравіт","Укравіт","Авангард Мідь","20 л","г/л: N - 40; Cu - 60","",regulyatory,"Регулятор росту",5.64,4.7,5.17,USD,"","","",,176
6054,new-sku,"Укравіт","Укравіт","Авангард Молібден","20 л","г/л: N - 20; Mo - 40","",regulyatory,"Регулятор росту",9.09,7.57,8.33,USD,"","","",,177
6055,new-sku,"Укравіт","Укравіт","Авангард Овочеві","5 л","г/л: N - 70; P2O5- 80; K2O - 60; SO3- 8; B - 4; Fe - 4; Mn - 3; Cu - 1; Zn - 2; Mo - 0,1; Co - 0,01","",regulyatory,"Регулятор росту",4.37,3.64,4,USD,"","","",,178
6056,new-sku,"Укравіт","Укравіт","Авангард Плодові","5 л","г/л: N - 50; P2O5- 50; K2O - 100; SO3- 3; Fe - 1; Mn - 1; Cu - 0,5; Zn - 1; B - 1; Mo - 0,1; Co - 0,1","",regulyatory,"Регулятор росту",4.37,3.64,4,USD,"","","",,179
6057,new-sku,"Укравіт","Укравіт","Авангард Ріпак","20 л","г/л: N - 60; K2O - 10; SO3- 121; MgO - 50; Fe - 4; Mn - 10; Cu - 4; Zn - 7; B - 6; Mo - 0,1; Co - 0,1","",regulyatory,"Регулятор росту",4.14,3.45,3.8,USD,"","","",,180
6058,new-sku,"Укравіт","Укравіт","Авангард Сірка+Азот+мікро","20 л","г/л: N - 100; SO3- 200; Fe - 0,5; Mn - 1; Cu - 0,7; Zn - 0,3; B - 0,5; Mo - 0,1; Co - 0,01","",regulyatory,"Регулятор росту",2.19,1.82,2,USD,"","","",,181
6059,new-sku,"Укравіт","Укравіт","Авангард Соняшник","20 л","г/л: N - 55; K2O - 10; SO3- 111; MgO - 40; Fe-2; Mn-7; Cu - 10; Zn - 12; B - 6; Mо - 0,05; Co - 0,05","",regulyatory,"Регулятор росту",41.4,34.5,37.95,USD,"","","",,182
6060,new-sku,"Укравіт","Укравіт","Авангард Старт","5 л","г/л: N - 100; P2O5-70; K2O -20; SO3-15; CaO -10; Fe -10; Mn -5; Cu -2; Zn - 5; B -5; Mo -0,5; Co -0,1; амiнокислоти, полiсахариди","",regulyatory,"Регулятор росту",5.18,4.31,4.74,USD,"","","",,183
6061,new-sku,"Укравіт","Укравіт","Авангард Фосфіт К","20 л","г/л: P2O5- 420; K2O - 280","",regulyatory,"Регулятор росту",6.9,5.75,6.33,USD,"","","",,184
6062,new-sku,"Укравіт","Укравіт","Авангард Фосфіт К+мікро РК","20 л","г/л: P2O5- 300; K2O - 330; B - 0,7; Fe - 1,8; Mn - 1,8; Cu - 0,5; Zn - 1,8; Mo - 0,1; Co - 0,05","",regulyatory,"Регулятор росту",6.9,5.75,6.33,USD,"","","",,185
6063,new-sku,"Укравіт","Укравіт","Авангард Фосфіт К+ Цинк","20 л","г/л: N - 75; P2O5- 165; K2O - 165; Zn - 70","",regulyatory,"Регулятор росту",6.79,5.65,6.22,USD,"","","",,186
6064,new-sku,"Укравіт","Укравіт","Авангард Р Фосфор","20 л","г/л: N - 45; P2O5- 200","",regulyatory,"Регулятор росту",2.88,2.4,2.64,USD,"","","",,187
6065,new-sku,"Укравіт","Укравіт","Авангард Р Фосфор+Калій","20 л","г/л: P2O5- 100; K2O - 180","",regulyatory,"Регулятор росту",2.65,2.2,2.42,USD,"","","",,188
6066,new-sku,"Укравіт","Укравіт","Авангард Р Цинк","20 л","г/л: N - 65; Zn - 100","",regulyatory,"Регулятор росту",5.06,4.22,4.64,USD,"","","",,189
6067,new-sku,"Укравіт","Укравіт","Гроу Аміно Авангард ДКМ","20 л","Амiнокислоти не менше 120 г/л, полiсахариди, бурштинова кислота - 3 г/л, фiтогормони, мікроелементи","",regulyatory,"Регулятор росту",5.98,4.98,5.48,USD,"","","",,191
6068,new-sku,"Укравіт","Укравіт","Гроу Аміно Авангард ДКМ","5 л","Амiнокислоти не менше 120 г/л, полiсахариди, бурштинова кислота - 3 г/л, фiтогормони, мікроелементи","",regulyatory,"Регулятор росту",6.1,5.08,5.59,USD,"","","",,192
6069,new-sku,"Укравіт","Укравіт","Гроу Гумат Авангард ДКМ","20 л","Гумінові та фульвовi кислоти - не менше 60 г/л, амiнокислоти 30 г/л, бурштинова кислота - 3 г/л","",regulyatory,"Регулятор росту",3.45,2.88,3.17,USD,"","","",,193
6070,new-sku,"Укравіт","Укравіт","Стимул Авангард","5 л","Гумат калію - 40 г/л (на гумінові кислоти), бурштинова кислота - 3 г/л, фiтогормони, мікроелементи","",regulyatory,"Регулятор росту",5.64,4.7,5.17,USD,"","","",,194
6071,new-sku,"Укравіт","Укравіт","Стимул Авангард","20 л","Гумат калію - 40 г/л (на гумінові кислоти), бурштинова кислота - 3 г/л, фiтогормони, мікроелементи","",regulyatory,"Регулятор росту",5.29,4.41,4.85,USD,"","","",,195
6072,new-sku,"Найс та Vecta","Найс","НАЙС Злаки","20 л","N-131; K2O-13; MgO-46; SO3-105; B-1; Cu-7;Fe-4; Mn-9; Zn-26; Mo-0,07","0,5-1,5",regulyatory,"Регулятор росту",3.32,2.77,3.05,USD,"","","",,4
6073,new-sku,"Найс та Vecta","Найс","НАЙС Технічні","20 л","N-125; MgO-38; SO3-93; B-19; Cu-6; Fe-1; Mn-6; Zn-6; Mo-0,01","0,5-1,6",regulyatory,"Регулятор росту",3.12,2.6,2.86,USD,"","","",,5
6074,new-sku,"Найс та Vecta","Найс","НАЙС Зернові","20 л","N-129; MgO-45; SO3-103; B-1; Cu-13; Fe-4; Mn-13; Zn-10; Mo-0,03","0,5-1,5",regulyatory,"Регулятор росту",3.12,2.6,2.86,USD,"","","",,6
6075,new-sku,"Найс та Vecta","Найс","НАЙС Бобові","20 л","N-28; MgO-17; SO3-51; B-3; Cu-1; Fe-2; Mn-9; Zn-3; Mo-3; Co-0,02","1,0-2,0",regulyatory,"Регулятор росту",3.12,2.6,2.86,USD,"","","",,7
6076,new-sku,"Найс та Vecta","Найс","НАЙС Кукурудза","20 л","N-131; K2O-13; MgO-46; SO3-105; B-1; Cu-7; Fe-4; Mn-9; Zn-26; Mo-0,07","1,0-3,0",regulyatory,"Регулятор росту",3.12,2.6,2.86,USD,"","","",,8
6077,new-sku,"Найс та Vecta","Найс","НАЙС Олійні","20 л","N-125; MgO-38; SO3-93; B-19; Cu-6; Fe-1; Mn-6; Zn-6; Mo-0,01","0,5-3,0",regulyatory,"Регулятор росту",3.12,2.6,2.86,USD,"","","",,9
6078,new-sku,"Найс та Vecta","Найс","НАЙС Бор*","20 л","N-65; B-152","0,5-2,0",regulyatory,"Регулятор росту",3.9,3.25,3.58,USD,"","","",,11
6079,new-sku,"Найс та Vecta","Найс","НАЙС Цинк","20 л","N-38; SO3-95, Zn-76","0,5-2,0",regulyatory,"Регулятор росту",3.8,3.17,3.49,USD,"","","",,12
6080,new-sku,"Найс та Vecta","Найс","НАЙС Марганець Pro","20 л","N-121; SO3-93, Mn-74","0,5-2,1",regulyatory,"Регулятор росту",4.8,4,4.4,USD,"","","",,13
6081,new-sku,"Найс та Vecta","Найс","НАЙС Марганець","20 л","N-50; SO3-99, Mn-74","0,5-2,0",regulyatory,"Регулятор росту",3.6,3,3.3,USD,"","","",,14
6082,new-sku,"Найс та Vecta","Найс","НАЙС Молібден","20 л","N-50; Mo-33","0,5-1,0",regulyatory,"Регулятор росту",7.42,6.18,6.8,USD,"","","",,15
6083,new-sku,"Найс та Vecta","Найс","VECTA ACTION","5 л","N-37; P2O5-129; K2O-44; Zn-3; Fe-3; B-1; Cu-1; Mo-0,9; Mn-0,2;вільні L-амінокислоти-60; полісахариди- 91; фітогормони -1,16","",regulyatory,"Регулятор росту",10.14,8.45,9.3,USD,"","","",,17
6084,new-sku,"Найс та Vecta","Найс","VECTA AMINO","5 л","N-60, P2O5-30;вільні L-амінокислоти-350","",regulyatory,"Регулятор росту",15.06,12.55,13.81,USD,"","","",,18
6085,new-sku,"Найс та Vecta","Найс","VECTA Seaweed","5 л","Екстракт бурих водоростей Ascophyllum nodosum таLaminaria-300","",regulyatory,"Регулятор росту",15.06,12.55,13.81,USD,"","","",,19
6086,new-sku,"Найс та Vecta","Найс","VECTA Pmax","5 л","N-80; P2O5-200; K2O-11; Mn-6; Zn-6; Cu- 6;вільні L-амінокислоти-56","",regulyatory,"Регулятор росту",8.58,7.15,7.87,USD,"","","",,20
6087,new-sku,"Найс та Vecta","Найс","VECTA Kmax","5 л","N-37; K2O-200;вільні L-амінокислоти-80","",regulyatory,"Регулятор росту",6.42,5.35,5.89,USD,"","","",,21
6088,new-sku,"Найс та Vecta","Найс","VECTA COMBIPlus","5 л","N-37; P2O5-129; K2O-44; Zn-3; Fe-3; B-1; Cu-1; Mo-0,9; Mn-0,2;вільні L-амінокислоти-60; полісахариди-91; фітогормони -1,16","",regulyatory,"Регулятор росту",10.2,8.5,9.35,USD,"","","",,22
6089,new-sku,"Лайф","Лайф","Humate LF 20","10 л","Фульвати 20 г/л, гумінові речовини 180 г/л, калій (К₂О) 30 г/л, 
амінокислоти 25 г/л,  мікроелементи (Fe, Zn, Mn, Cu, Mg, B) 10 г/л, 
pH 1% розчину 10±1, густина 1200±50 г/л","",regulyatory,"Регулятор росту",5.1,4.25,4.68,USD,"","","",,4
6090,new-sku,"Лайф","Лайф","Humate 500","10 л","Фульвати 250 г/л, гумінові речовини 250 г/л
Калій (К₂О) 95 г/л, азот (N) 30 г/л, фосфор (P2O5) 25 г/л, залізо (Fe) 5 г/л, Мn 1,7 г/л, Zn 6,4 г/л, Мg 3,8 г/л, Мо 0,2 г/л, 
pH 1% розчину 9±1,5, густина 1300±50 г/л","",regulyatory,"Регулятор росту",15.35,12.79,14.07,USD,"","","",,5
6091,new-sku,"Лайф","Лайф","Гумат Старт","10 л","Екстракт морських водоростей - 80 г/л, гумінові речовини 100 г/л, Калій (К₂О) 30 г/л, азот (N) 55 г/л, фосфор P2O5 80 г/л, амінокислоти 25 г/л,  мікроелементи (Fe, Zn, Mn, Cu, Mg, B) 10 г/л, 
pH 1% розчину 9±1, густина 1200±50 г/л","",regulyatory,"Регулятор росту",7.2,6,6.6,USD,"","","",,6
6092,new-sku,"Лайф","Лайф","Фульвігум","10 л","Фульвати 80 г/л, гумінові речовини 100 г/л, 
калій (К₂О) 30 г/л , азот (N) 55 г/л, фосфор P2O5 80 г/л, 
амінокислоти 50 г/л,  мікроелементи (Fe, Zn, Mn, Cu, Mg, B) 10 г/л, 
pH 1% розчину 9±1, густина 1200±50 г/л","",regulyatory,"Регулятор росту",5.58,4.65,5.12,USD,"","","",,7
6093,new-sku,"Лайф","Лайф","Фульвімакс","10 л","Фульвати 220 г/л, азот (N) 50 г/л 
мікроелементи (Fe, Zn, Mn, Cu, Mg, B) 10 г/л, 
pH 1% розчину 3-4, густина 1200±50 г/л","",regulyatory,"Регулятор росту",8.81,7.34,8.07,USD,"","","",,8
6094,new-sku,"Лайф","Лайф","Гумат Аміно","10 л","Вільні L-амінокислоти 80 г/л, гумінові речовини 100 г/л, 
калій (К₂О) 30 г/л, азот (N) 55 г/л, фосфор P2O5 60 г/л, 
мікроелементи (Fe, Zn, Mn, Cu, Mg, B)  10 г/л, 
pH 1% розчину 9±1, густина 1200±50 г/л","",regulyatory,"Регулятор росту",8.35,6.96,7.66,USD,"","","",,9
6095,new-sku,"Лайф","Лайф","Гумат кремній (Si)","10 л","Кремній (Si) 60 г/л, вільні L-амінокислоти 50 г/л,  гумінові речовини 100 г/л, калій (К₂О) 30 г/л, азот (N) 30 г/л, фосфор P2O5 60 г/л, мікроелементи (Fe, Zn, Mn, Cu, Mg, B) 10 г/л, 
pH 1% розчину 10±1, густина 1200±50 г/л","",regulyatory,"Регулятор росту",8.81,7.34,8.07,USD,"","","",,10
6096,new-sku,"Лайф","Лайф","Аmino X","10 л","Вільні L-амінокислоти 250 г/л,
Фітогормони (ауксини, гібереліни, цитокініни) 0,1 г/л,  
магній (Mg) 10 г/л, залізо (Fe) 10 г/л, сірка (SO₃) 30 г/л, 
марганець (Mn) 19 г/л, цинк (Zn) 12 г/л, мідь (Cu) 7 г/л, 
pH 3,5±1, густина 1280 ±50 г/л","",regulyatory,"Регулятор росту",6.1,5.08,5.59,USD,"","","",,12
6097,new-sku,"Лайф","Лайф","СТОП ЛІД","10 л","Комплекс кріопротекторів (в т.ч. манітол, аліфатичні спирти) 350 г/л, Фосфор (P2O5) 130 г/л, калій (K2O) 140 г/л, магній (MgO) 2 г/л, бор (B) 1,5 г/л, амінокислоти 1 г/л, 
густина 1250 ±50 г/л.","",regulyatory,"Регулятор росту",5.6,4.67,5.14,USD,"","","",,13
6098,new-sku,"Лайф","Лайф","Antistress 03","10 л","Екстракт морських водоростей 100 г/л
Гумінові речовини 100 г/л, фульвати 150 г/л
Вільні L-амінокислоти 100 г/л, 
азот (N) 85 г/л, фосфор P2O5 60 г/л, калій (К₂О) 55 г/л,  мікроелементи 10 г/л, 
pH 1% розчину 9 ± 1, густина 1300 ±50 г/л","",regulyatory,"Регулятор росту",15.35,12.79,14.07,USD,"","","",,14
6099,new-sku,"Лайф","Лайф","Ванадін","10 л","Ванадій 18,5г/л, азот (N) 64 г/л, сірка (SO₃) 27 г/л, цинк (Zn) 23 г/л, pH 7±1, густина 1,16 ± 0,05","",regulyatory,"Регулятор росту",19.1,15.92,17.51,USD,"","","",,15
6100,new-sku,"Лайф","Лайф","Бор150 лужний","10 л","B – 150 г/л, азот (N) 75 г/л, B – 150 г/л, азот (N) 75 г/л,
pH 8,0, густина 1370±50 г/л","",regulyatory,"Регулятор росту",4,3.33,3.66,USD,"","","",,17
6101,new-sku,"Лайф","Лайф","Бор100 кислий","10 л","B – 100 г/л, азот (N) 75 г/л,B – 100 г/л, азот (N) 75 г/л,
pH 6 ± 0,5, густина 1340±50 г/л","",regulyatory,"Регулятор росту",3.9,3.25,3.58,USD,"","","",,18
6102,new-sku,"Лайф","Лайф","Бор+Молібден","10 л","B – 150 г/л, Молібден 7 г/л,  азот (N) 70 г/л,
pH 8,0 ± 0,5, густина 1380±50 г/л","",regulyatory,"Регулятор росту",6.05,5.04,5.54,USD,"","","",,19
6103,new-sku,"Лайф","Лайф","Цинк 120","10 л","Zn – 120 г/л, азот (N) 70 г/л , сірка (SO₃) 50 г/л, 
густина 1300±50  г/л","",regulyatory,"Регулятор росту",4.8,4,4.4,USD,"","","",,20
6104,new-sku,"Лайф","Лайф","Цинк Актив","10 л","Zn – 120 г/л, азот (N) 70 г/л , сірка (SO₃) 50 г/л, Zn – 70±7,5 г/л, азот (N) 100±8,0 г/л , фосфор (Р2О5) 95±8,0 г/л, 
сірка (SO₃) 50 г/л, альгінати 50±3,0 г/л
pH 9 ± 0,5, густина 1250±50  г/л","",regulyatory,"Регулятор росту",5.3,4.42,4.86,USD,"","","",,21
6105,new-sku,"Лайф","Лайф","Мідь Турбо","10 л","Мідь (Cu) 75 г/л, азот (N) 70 г/л, сірка (SO3) 95 г/л, 
рН 1,5, густина 1250±50 г/л.","",regulyatory,"Регулятор росту",5.4,4.5,4.95,USD,"","","",,22
6106,new-sku,"Лайф","Лайф","Сірка Турбо","10 л","Cірка (SO3) 750 г/л, азот (N) 130 г/л, фосфор (Р2О5) 30 г/л, калій (К2О) 40 г/л, рН 8,2, густина 1340 ±50 г/л.","",regulyatory,"Регулятор росту",5.6,4.67,5.14,USD,"","","",,23
6107,new-sku,"Лайф","Лайф","Марганець Турбо","10 л","Марганець (Mn) 130 г/л, азот (N) 17 г/л, сірка (SO3) 76 г/л, амінокислоти 10 г/л, рН 1,5, густина 1350±50  г/л.","",regulyatory,"Регулятор росту",3.6,3,3.3,USD,"","","",,24
6108,new-sku,"Лайф","Лайф","Кальцій 200","10 л","Кальцій (СаО) 200 ± 50 г/л, азот (N) 100 ± 5  г/л, магній (MgO) 10,4 ± 1 г/л
   pH 4,5±1, густина 1350±50 г/л.","",regulyatory,"Регулятор росту",3.3,2.75,3.03,USD,"","","",,25
6109,new-sku,"Лайф","Лайф","Калій Турбо","10 л","Калій (К2О)420 г/л, органічні кислоти 450 г/л, фосфор (Р2О5) 70 г/л, 
рН 8,2±1, густина 1400±50 г/л.","",regulyatory,"Регулятор росту",4.1,3.42,3.76,USD,"","","",,26
6110,new-sku,"Лайф","Лайф","Розумний Азот","20 л","Азот загальний 340 г/л, Азот повільного вивільнення 220 г/л, Азот швидкої дії 120 г/л, густина 1270±50 г/л.","",regulyatory,"Регулятор росту",3.3,2.75,3.03,USD,"","","",,27
6111,new-sku,"Лайф","Лайф","Молібден Лайф","10 л","Молібден 40г/л комплекс орг стим росту для бульбашкових бактерій","",regulyatory,"Регулятор росту",9.1,7.58,8.34,USD,"","","",,28
6112,new-sku,"Лайф","Лайф","Кобальт+Молібден","10 л","Кобальт (Со) 6,25±0,2 г/л, Молібден (Мо) 60±3,0 г/л,  азот (N) 85±5 г/л,
pH 7,0±0,5, густина 1200±50 г/л","",regulyatory,"Регулятор росту",17,14.17,15.59,USD,"","","",,29
6113,new-sku,"Лайф","Лайф","КАРБАМІД з низьким біуретином 52000грн/т з ПДВ","25 кг","Азот заг. 46%, Азот сечовин. 46%, Біурет до 0.5%
Гранулометрія: 0,5–3,5 мм – min 90%, менше 0,5 мм – min 90%, більше 10 мм – 0%.","",regulyatory,"Регулятор росту",0.1,0.08,0.09,USD,"","","",,30
6114,new-sku,"Лайф","Лайф","БОФОС","10 л","В – 100 ± 8 г/л, фосфор (P2O5) 140 ± 9 г/л, 
азот (N) 90 ± 8 г/л,  pH 7,5 ± 5, густина 1300±50 г/л.","",regulyatory,"Регулятор росту",5.8,4.83,5.31,USD,"","","",,32
6115,new-sku,"Лайф","Лайф","ЦИФОС мінерал (універсальний ультрахелат)","10 л","Zn – 110 г/л, фосфор (P2O5) 200 г/л,
 азот (N) 60 г/л, калій (К2О) 40 г/л, 
pH 7,5 – 8,0, густина 1350±50 г/л.","",regulyatory,"Регулятор росту",5.6,4.67,5.14,USD,"","","",,33
6116,new-sku,"Лайф","Лайф","ЦИФОС органік (листовий)","10 л","Zn – 90 г/л, фосфор (P2O5) 325 г/л, 
pH 3,0 – 3,5, густина 1350±50 г/л.","",regulyatory,"Регулятор росту",5.9,4.92,5.41,USD,"","","",,34
6117,new-sku,"Лайф","Лайф","ФОСКАЛЬ","10 л","Фосфор (P2O5) 500 г/л, калій (К₂О) 280 г/л
азот (N) 75 г/л,     pH 6,5 – 7,5, густина 1450±50 г/л.","",regulyatory,"Регулятор росту",9.1,7.58,8.34,USD,"","","",,35
6118,new-sku,"Лайф","Лайф","НЕПТУН
pH-коректор (кислий)","10 л","pH-коректор    (кислий)
Висококонцентрований буфер призначений для зниження pH робочого розчину в сторону кисло го середовища.
Ацетатний буфер 100%.
Норма: 50-150 мл/100 л води","",regulyatory,"Регулятор росту",3.6,3,3.3,USD,"","","",,37
6119,new-sku,"Лайф","Лайф","НЕПТУН
pH-коректор (стабілізатор)","10 л","pH-коректор  (стабілізатор)
Висококонцентрований багатофункціональний буфер призначений для стабілізації pH робочого розчину з кислого та лужного середовища до нейтрального pH 6,5-7,5.
Ацетатно-амонійний буфер 100%.
Норма: 50-150 мл/100 л води","",regulyatory,"Регулятор росту",4.4,3.67,4.04,USD,"","","",,38
6120,new-sku,"Лайф","Лайф","ТУРБОЛИП прилипач грунтовий","10 л","ПРИЛИПАЧ. НЕ ПІНИТЬСЯ.
Біокомплекс для рівномірного розподілу та закріплення робочого розчину на листковій поверхні та грунті (з грунтовими гербіцидами)
Трисилоксан 300 г/л. Допоміжні силиконові агенти 80-100 мг/л, Піногасник 50г/л. Норма: 0,3-0,7/200-300 л води.","",regulyatory,"Регулятор росту",5.6,4.67,5.14,USD,"","","",,39
6121,new-sku,"Лайф","Лайф","ОІЛ Турбо","","Олійний адьювант нового покоління","",regulyatory,"Регулятор росту",8.1,6.75,7.43,USD,"","","",,40
6122,new-sku,"Лайф","Лайф","Спиртовий ТУРБОЛИП","10 л","Багатофункціональний ад""ювант спиртового типу. Для півищення використання засобів рослин.Етоксилат ізодецилового спирту 900г/л.","",regulyatory,"Регулятор росту",5.9,4.92,5.41,USD,"","","",,41
6123,new-sku,"Лайф","Лайф","Насіння Турбо","10 л","Вільні L – амінокислоти 50 г/л, азот загальний (N) 80 г/л, фосфор (P2O5) 65 г/л, калій (К2О) 45 г/л, сірка (SO3) 42 г/л, бор (B) 2,5 г/л, залізо  (Fe) 2,5 г/л, магній (MgO) 0,6 г/л, марганець (Mn) 12,5 г/л, мідь (Cu) 16 г/л, цинк (Zn) 13,5 г/л. молібден (Mo) 1,5 г/л, кобальт (Co) 0,13 г/л, фітогормони 0,06 г/л, густина 1300±50 г/л","",regulyatory,"Регулятор росту",7.92,6.6,7.26,USD,"","","",,43
6124,new-sku,"Лайф","Лайф","Зерновий Турбо","10 л","Вільні L – амінокислоти 50 г/л,азот загальний (N) 80 г/л, фосфор (P2O5) 70 г/л, калій (К2О) 40,5 г/л, сірка (SO3) 42 г/л, бор (B) 2,3 г/л, залізо  (Fe) 3 г/л, магній (MgO) 2 г/л марганець (Mn) 14,1 г/л, мідь (Cu) 17,6 г/л, цинк (Zn) 12,2 г/л, молібден (Mo) 1,4 г/л, кобальт (Co) 0,12 г/л, фітогормони 0,05 г/л, густина 1300±50 г/л.","",regulyatory,"Регулятор росту",6.95,5.79,6.37,USD,"","","",,44
6125,new-sku,"Лайф","Лайф","Олійний Турбо","10 л","Вільні L – амінокислоти 50 г/л, азот загальний (N) 80 г/л, фосфор (P2O5) 65 г/л, калій (К2О) 47,3 г/л, сірка (SO3) 42 г/л, бор (B) 2,8 г/л, залізо (Fe) 2,3 г/л, магній (MgO) 1,1 г/л, марганець (Mn) 12,5 г/л, мідь (Cu) 16 г/л, цинк (Zn) 13,5 г/л, молібден (Mo) 1,4 г/л, кобальт (Co) 0,13 г/л, фітогормони 0,07 г/л, густина 1300±50 г/л.","",regulyatory,"Регулятор росту",7.21,6.01,6.61,USD,"","","",,45
6126,new-sku,"Лайф","Лайф","Кукурудза Турбо","10 л","Вільні L – амінокислоти 50 г/л, азот загальний (N) 80 г/л, фосфор (P2O5) 65,8 г/л, калій (К2О) 40,5 г/л, сірка (SO3) 40,1 г/л, бор (B) 2,3 г/л, залізо  (Fe) 2,3 г/л, магній (MgO) 1,1 г/л, марганець (Mn) 11,4 г/л, мідь (Cu) 16 г/л, цинк (Zn) 14,9 г/л, молібден (Mo) 0,5 г/л, кобальт (Co) 0,13 г/л, фітогормони 0,05 г/л, густина 1300±50 г/л.","",regulyatory,"Регулятор росту",7.2,6,6.6,USD,"","","",,46
6127,new-sku,"Лайф","Лайф","Бобовий Турбо","10 л","Вільні L – амінокислоти 50 г/л, азот загальний (N) 80 г/л, фосфор (P2O5) 67 г/л, калій (К2О) 42,8 г/л, сірка (SO3) 42 г/л, бор (B) 4,9 г/л, залізо  (Fe) 2,8 г/л, магній (MgO) 6,4 г/л, марганець (Mn) 13,8 г/л, мідь (Cu) 15,2 г/л, цинк (Zn) 13,5 г/л, молібден (Mo) 1,7 г/л, кобальт (Co) 0,14 г/л, фітогормони 0,05 г/л, густина 1300±50 г/л.","",regulyatory,"Регулятор росту",7.65,6.38,7.02,USD,"","","",,47
6128,new-sku,"Лайф","Лайф","Буряковий Турбо","10 л","Вільні L – амінокислоти, азот загальний (N) 80 г/л, фосфор (P2O5) 65 г/л, калій (K2O) 47 г/л, сірка (SO3) 42 г/л, бор (B) 4,9 г/л, залізо (Fe) 2,7 г/л, магній (MgO) 0,8 г/л, марганець (Mn) 13,8 г/л, мідь (Cu) 17,6 г/л, цинк (Zn) 12,2 г/л, молібден (Mo) 1,4 г/л, кобальт (Co) 0,14 г/л, фітогормони 0,05 г/л, густина 1300±50 г/л","",regulyatory,"Регулятор росту",7.5,6.25,6.88,USD,"","","",,48
6129,new-sku,"Лайф","Лайф","Овочевий Турбо","10 л","Азот загальний (N) 14 г/л, фосфор (P2O5) 73 г/л, калій (K2O) 105 г/л, сірка (SO3) 2,4 г/л, бор (B) 0,4 г/л, залізо (Fe) 0,6 г/л, магній (MgO) 0,3 г/л, марганець (Mn) 0,5 г/л, мідь (Cu) 0,8 г/л, цинк (Zn) 2,3 г/л, 
густина 1190±50 г/л","",regulyatory,"Регулятор росту",6.51,5.43,5.97,USD,"","","",,49
6130,new-sku,"Лайф","Лайф","Універсальний Турбо","10 л","Азот загальний (N) 150 г/л, фосфор (P2O5) 115 г/л, калій (K2O) 75 г/л, магній (MgО) 0,2 г/л, сірка (SO3) 0,9 г/л, бор (B) 0,5 г/л, мідь (Cu) 0,2 г/л, залізо (Fe) 0,7 г/л, марганець (Mn) 0,2 г/л, молібден (Mo) 0,07 г/л, цинк (Zn) 0,1 г/л, 
густина 1300±50 г/л,","",regulyatory,"Регулятор росту",6.4,5.33,5.86,USD,"","","",,50
6131,new-sku,"Лайф","Лайф","АЗОТОЛАЙФ","10 л","АЗОТОФІКСАТОР.
Azotobacter chroococcum, Azotobacter vinelandii,
мікробіологічний консорціум високоактивних штамів мікроорганізмів.     Препарат додатково збагачений амінокислотами та вітамінами. 
Концентрація суміші спор і вегетативних клітин, 1,0x109 КУО/мл.","",regulyatory,"Регулятор росту",5.1,4.25,4.68,USD,"","","",,52
6132,new-sku,"Лайф","Лайф","ФОСФОЛАЙФ","10 л","ФОСФОРМОБІЛІЗАТОР. 
Мікробіологічний консорціум високоактивних штамів мікроорганізмів: • Bacillus megaterium - 2 штами • Bacillus megaterium var. Phosphaticum. 
Концентрація суміші спор і вегетативних клітин, 1,0x109 КУО/мл.","",regulyatory,"Регулятор росту",5.3,4.42,4.86,USD,"","","",,53
6133,new-sku,"Лайф","Лайф","ПМК-У","10 л","NPK МОБІЛІЗАТОР
Bacillus subtilis, Bacillus megaterium, Bacillus polymyxa, Trichoderma viride, Sacharomyces cerevisieae, Actinomycetes spp.
Концентрація сумiшi: мікроорганізмів, не менше 1*109 КУО/мл.","",regulyatory,"Регулятор росту",4.6,3.83,4.21,USD,"","","",,54
6134,new-sku,"Лайф","Лайф","ФІТОЛАЙФ","10 л","АЗОТОФІКСАЦІЯ, ФОСФОРМОБІЛІЗАЦІЯ, СТАТИЧНИЙ ЗАХИСТ ВІД ПАТОГЕНІВ, МІКОРИЗОУТВОРЮВАННЯ. 
- Bacillus subtilis – 4 штами, Bacillus megaterium – 2 штами, Paenibacillus polymyxa, Trichoderma viride – 2 штами, Sacharomyces cerevisieae, Pseudomonas aureofaciens – 2 штами, Pseudomonas fluorescens, Actinomycetes. 
- Концентрація суміші спор і вегетативних клітин, 1,0x109 КУО/мл.","",regulyatory,"Регулятор росту",4.75,3.96,4.36,USD,"","","",,55
6135,new-sku,"Лайф","Лайф","СІДОН СОЯ","2кг 19грн/кг","ІНОКУЛЯНТ
Bradyrhizobium japonicum 3 штами, симбіотичні до сої;
Концентрація суміші спор і вегетативних клітин не менше 2,5*109 КУО/мл","",regulyatory,"Регулятор росту",18.1,15.08,16.59,USD,"","","",,56
6136,new-sku,"Лайф","Лайф","ПМК-Д ДЕСТРУКЦІЯ","10 л","БІОДЕСТРУКТОР.
Вacillus megatherium, Bacillus spp, Trichoderma harzianum, Trichoderma viride, Streptomyces spp.
Концентрація суміші спор і вегетативних клітин, 1,0x109 КУО/мл.","",regulyatory,"Регулятор росту",4.64,3.87,4.26,USD,"","","",,57
6137,new-sku,"Лайф","Лайф","ПМК-БД ДЕСТРУКЦІЯ","10 л","БАКТЕРІАЛЬНИЙ ДЕСТРУКТОР.
Bacillus subtilis – 2 штами, Bacillus megaterium, Bacillus spp – 4 штами.
Концентрація суміші спор і вегетативних клітин, 1,0x109 КУО/мл.","",regulyatory,"Регулятор росту",5.26,4.38,4.82,USD,"","","",,58
6138,new-sku,"Лайф","Лайф","ДЕСТЕРН","10 л","ДЕСТРУКТОР НОВОГО ПОКОЛІННЯ ПІДСИЛЕНОЇ ДІЇ. 
Trichoderma viride – 2 штами, Trichoderma harzianum – 4 штами, Trichoderma lignorum, Bacillus spp – 6 штамів, Bacillus megaterium.
Концентрація суміші спор і вегетативних клітин 1,5 - 2 * 109 КУО/мл","",regulyatory,"Регулятор росту",5.25,4.38,4.82,USD,"","","",,59
6139,new-sku,"Лайф","Лайф","ФУНГІКЛІН","10 л","БІОФУНГІЦИДНИЙ ПРОТРУЮВАЧ з адаптогенним та праймінг ефектом.
Екстракт міцелію Streptomyces netropsis, що містить комплекс метаболітів антагоністичних полієнових речовин та ліпіди (фосфоліпіди, стерини, жирні кислоти), амінокислоти, вітаміни, ензими, фітогормони (ауксини, цитокініни, гібереліни, брасиностероїди) та інші органічні речовини.
Концентрація антогоністичних речовин не менше 200 мг/л","",regulyatory,"Регулятор росту",64.38,53.65,59.02,USD,"","","",,60
6140,new-sku,"Лайф","Лайф","ВОРІОР","10 л","БІОІНСЕКТИЦИДНИЙ ПРОТРУЮВАЧ СИСТЕМНОЇ ДІЇ 
Екстракт міцелію Streptomyces violaceus, що містить комплекс метаболітів антагоністичних речовин (антрацикліни, макроліди,) та амінокислоти, вітаміни, ензими, ліпіди (фосфоліпіди, стерини, жирні кислоти, фітогормони (ауксини, цитокініни, гібереліни, брасиностероїди, та ін. органічні речовини, в тому числі хітинолітичні.
Концентрація антогоністичних речовин не менше 200 мг/л.","",regulyatory,"Регулятор росту",64.38,53.65,59.02,USD,"","","",,61
6141,new-sku,"Лайф","Лайф","ПМК-ЗР","10 л","БІОФУНГІЦИД. бактерії (Bacillus subtilis, Paenibacillus polymyxa),гриби (Trichoderma viride, Trichoderma harzianum) актиноміцети (Actynomyces), 
а також синтезовані ними біологічно активні речовини (органічні кислоти, антибіотичні речовини, ферменти).
Концентрація суміші спор і вегетативних клітин, 1,0x109 КУО/мл.","",regulyatory,"Регулятор росту",4.81,4.01,4.41,USD,"","","",,62
6142,new-sku,"Лайф","Лайф","ФУНГЛАЙФ","10 л","БАКТЕРІАЛЬНО-МІКРОБНИЙ КОМПЛЕКС З ФУНГІЦИДНОЮ ДІЄЮ. 
Bacillus subtilis - 4 штами, Trichoderma viride - 5 штамів, Trichoderma harzianum - 2 штами, Pseudomonas aureofaciens, Pseudomonas fluorescens. 
Концентрація суміші спор і вегетативних клітин, 1,5-2 x 109 КУО/мл.","",regulyatory,"Регулятор росту",4.95,4.13,4.54,USD,"","","",,63
6143,new-sku,"Лайф","Лайф","СПОРАЗИН","10 л","БІОФУНГІЦИД. 
Bacillus subtilis BT-7, Pseudomonas .aureofaciens Mb-17, Pseudomonas aureofaciens Mb-24  та їх метаболіти і продуценти, а також біологічно-активні речовини. 
Концентрація суміші спор і вегетативних клітин, 1,5-2 x 109 КУО/мл.","",regulyatory,"Регулятор росту",5.3,4.42,4.86,USD,"","","",,64
6144,new-sku,"Лайф","Лайф","СКЛЕРОСТОП","10 л","БАКТЕРІАЛЬНО-МІКРОБНИЙ КОМПЛЕКС ФУНГІЦИДНОЇ ДІЇ ДЛЯ БОРОТЬБИ
ПРОТИ БІЛОЇ ГНИЛІ. 
Trichoderma viride Coniothyrium minitans. 
Концентрація суміші спор і вегетативних клітин, 1,0x109 КУО/мл.","",regulyatory,"Регулятор росту",6.5,5.42,5.96,USD,"","","",,65
6145,new-sku,"Лайф","Лайф","ГВАРОФІТ","10 л","ГРУНТОВИЙ БІОІНСЕКТИЦИД.
Концентрована суспензія спор та вегетативних клітин мікроорганізмів —патогенів комах та дротяників із гризучим та сисучим ротовим апаратом. Bacillus thuringiensis, Beauveria bassiana, Metarhisium anisopliae, Streptomyces avermitilis. 
Концентрація суміші спор і вегетативних клітин, 1,0x109 КУО/мл.","",regulyatory,"Регулятор росту",6.6,5.5,6.05,USD,"","","",,66
6146,new-sku,"Лайф","Лайф","ВОРІОР ТУРБО","10 л","БІОІНСЕКТИЦИД. 
Метаболіти актинобактерій Streptomyces violaceus та Streptomyces avermitilis. 
До складу комплексу входять метаболіти антононістичних речовин (антрацикліни, макроліди,) та амінокислоти, вітаміни, ензими, ліпіди, фосфоліпіди, стерини, жирні кислоти, фітогормони - ауксини, цитокініни, гібереліни, брасиностероїди, та ін. органічні речовини, в тому числі хітинолітичні. 
Концентрація антогоністичних речовин не менше 500 мг/л","",regulyatory,"Регулятор росту",66.77,55.64,61.2,USD,"","","",,67
6147,new-sku,"Лайф","Лайф","ІНСЕКТУРИН","10 л","БІОІНСЕКТИЦИД. 
Bacillus thuringiensis (2 штами) та їх метаболіти, 
Pseudomonas chlororaphis subsp. aureofaciens та його метаболіти, 
а також біологічно-активні речовини.
Тітр клітин  на кінець терміну придатності, не менше 5*109  КУО/мл","",regulyatory,"Регулятор росту",7.5,6.25,6.88,USD,"","","",,68
6148,new-sku,"Лайф","Лайф","УЛЬТРАЧИСТ","10 л","ДЕТОКСИКАТОР.
РЕМЕДІАТОР ЗАБРУДНЕНИХ СЕРЕДОВИЩ. 
АКТИВАТОР БІОЛОГІЧНОЇ ДЕСТРУКЦІЇ ТА БЕЗПОСЕРЕДНІЙ ДЕСТРУКТОР.
Біопрепарат на основі біологічно-активних речовин – метаболітів та їх продуцентів штамів Pseudomonas .aureofaciens, Bacillus subtilis, Dietzia maris, Rhodococcus erythropolis.
Тітр клітин  на кінець терміну придатності, не менше 1*109  КУО/мл","",regulyatory,"Регулятор росту",8.1,6.75,7.43,USD,"","","",,69
6149,new-sku,"Лайф","Лайф","START LIFE NPK 3:18:18","20л, 1000л","рН 7,0±1, густина 1370 ±50 г/мл.","",regulyatory,"Регулятор росту",1.6,1.33,1.46,USD,"","","",,71
6150,new-sku,"Лайф","Лайф","START LIFE NPK 5:20:5","20л, 1000л","рН 6,5±1, густина 1260 ±50 г/мл","",regulyatory,"Регулятор росту",1.18,0.98,1.08,USD,"","","",,72
6151,new-sku,"Лайф","Лайф","START LIFE NPK 8:24:0","20л, 1000л","рН  6,0±1, густина 1270 ±50 г/мл","",regulyatory,"Регулятор росту",1.12,0.93,1.02,USD,"","","",,73
6152,new-sku,"Лайф","Лайф","START LIFE NPK 18:6:9","20л, 1000л","рН, 7,5±1, густина 1250 ±50 г/мл","",regulyatory,"Регулятор росту",1.4,1.17,1.29,USD,"","","",,74
6153,new-sku,"Лайф","Лайф","START LIFE РК  25:22","20л, 1000л","рН 7,0±1, густина 1300 ±50 г/мл","",regulyatory,"Регулятор росту",2.38,1.98,2.18,USD,"","","",,75
6154,new-sku,"Лайф","Лайф","START LIFE РК  5:30","20л, 1000л","рН 8,0±1, густина 1400 ±50 г/мл","",regulyatory,"Регулятор росту",2.65,2.21,2.43,USD,"","","",,76
6155,new-sku,"Лайф","Лайф","START LIFE NРS  9:20:3","20л, 1000л","рН 6,0±1, густина 1250 ±50 г/мл","",regulyatory,"Регулятор росту",1.45,1.21,1.33,USD,"","","",,77
7014,existing,"Укравіт","Укравіт","Айворі плюс","10;20","Допоміжні речовини","",adyuvanty,"Адʼювант",3.57,2.97,3.27,USD,"aivori-plyus-ukravit","Айворі плюс","10;20",premium,155
7015,existing,"Укравіт","Укравіт","Інгрес, адьювант","5 л","Органосиліконовий адьювант (трисилоксан)","",adyuvanty,"Адʼювант",15.75,13.13,14.44,USD,"inhres-adyuvant-ukravit","Інгрес, адьювант","5 л",premium,152
7016,existing,"Укравіт","Укравіт","Рапс-клей, КЕ","5 л","Склеювач","",adyuvanty,"Адʼювант",7.59,6.33,6.96,USD,"raps-klei-ke-ukravit","Рапс-клей, КЕ","5 л",premium,147
7017,existing,"Укравіт","Укравіт","Супресор, піногасник","1 л","Піногасник (полідиметилсилоксан)","",adyuvanty,"Адʼювант",15.53,12.94,14.23,USD,"supresor-pinohasnyk-ukravit","Супресор, піногасник","1 л",premium,154
7020,existing,"ALFASMARTAGRO","Alfa Smart Agro","Альфалип Екстра, РК","5 л","етоксилат нонилфенол (вдосконалена формула)","100мл/100л або 200мл/га",adyuvanty,"Адʼювант",3.35,2.79,3.07,USD,"alfalyp-ekstra-rk-alfa-smart-agro","Альфалип Екстра, РК","5 л",premium,93
7021,existing,"ALFASMARTAGRO","Alfa Smart Agro","Альфалип, РК","5 л","етоксилат нонилфенол","100мл/100л або 200мл/га",adyuvanty,"Адʼювант",3.02,2.52,2.77,USD,"alfalyp-rk-alfa-smart-agro","Альфалип, РК","5 л",premium,94
7022,existing,"ALFASMARTAGRO","Alfa Smart Agro","Бустер, РК","5 л","нонилфенол-пропіловий ефір, 980 г/л","50мл/100л або 100(150)мл/га",adyuvanty,"Адʼювант",7.26,6.05,6.66,USD,"buster-rk-alfa-smart-agro","Бустер, РК","5 л",premium,95
7023,existing,"ALFASMARTAGRO","Alfa Smart Agro","Омега Екстра, КЕ","5 л","поліоксиетильована ріпакова олія","1:1 з Антизлаком",adyuvanty,"Адʼювант",6.49,5.41,5.95,USD,"omeha-ekstra-ke-alfa-smart-agro","Омега Екстра, КЕ","5 л",premium,97
7024,existing,"ALFASMARTAGRO","Alfa Smart Agro","Піноль, ЕВ","1 л","полідиметилсилоксан, 200 г/л","від 5мл до 50мл на 100л",adyuvanty,"Адʼювант",14.29,11.91,13.1,USD,"pinol-ev-alfa-smart-agro","Піноль, ЕВ","1 л",premium,98
7025,existing,"ALFASMARTAGRO","Alfa Smart Agro","Сігма, РК","5 л","поліглюкопіраноза етоксильована, 125 г/л","",adyuvanty,"Адʼювант",2.53,2.11,2.32,USD,"sihma-rk-alfa-smart-agro","Сігма, РК","5 л",premium,99
7026,existing,"ALFASMARTAGRO","Alfa Smart Agro","Цивік, ВК","5 л","комплекс неорганічних та органічних кислот","від 40мл до 150мл/100л",adyuvanty,"Адʼювант",4.62,3.85,4.24,USD,"tsyvik-vk-alfa-smart-agro","Цивік, ВК","5 л",premium,100
7027,existing,"Himagro","Himagro","БОНА ПЛЮС, РК","5 л","Поліоксиетилен 80 % Органомодифікований трисилоксан 20%","0,100 - 0,2 мг/га",adyuvanty,"Адʼювант",19.32,16.1,17.71,USD,"bona-plyus-rk-himagro","БОНА ПЛЮС, РК","5 л",econom,231
7029,existing,"Himagro","Himagro","ПОЛІАМІН, ВР","5 л","Поліоксиетилен амін 95 %","0,15-0,2% концентрації робочого розчину",adyuvanty,"Адʼювант",7.71,6.42,7.06,USD,"poliamin-vr-himagro-2","ПОЛІАМІН, ВР","5 л",econom,220
7030,existing,"Himagro","Himagro","ПРОЛІФ","5 л","багатоатомні спирти (поліспирти)","0,15-0,2% концентрації робочого розчину",adyuvanty,"Адʼювант",4.03,3.35,3.69,USD,"prolif-himagro","ПРОЛІФ","5 л",econom,222
7032,existing,"PEST.UA","PEST.UA","Кайт, РК","5 л","етоксилат нонилфенол","100 мл/100 л води",adyuvanty,"Адʼювант",2.48,2.07,2.28,USD,"kait-rk-pest-ua","Кайт, РК","5 л",econom,15
7034,new-packaging,"Укравіт","Укравіт","Інгрес, адьювант","1 л","Органосиліконовий адьювант (трисилоксан)","",adyuvanty,"Адʼювант",16.67,13.9,15.29,USD,"inhres-adyuvant-ukravit","Інгрес, адьювант","5 л",premium,153
7035,new-packaging,"Укравіт","Укравіт","Айворі плюс","5 л","Допоміжні речовини","",adyuvanty,"Адʼювант",3.91,3.26,3.59,USD,"aivori-plyus-ukravit","Айворі плюс","10;20",premium,156
8001,existing,"Нертус","Нертус","Фосміній, табл.","пляшка 1кг","фосфід алюмінію, 560г/кг","",rodentytsydy,"Родентицид",12.08,10.06,11.07,USD,"fosminii-tabl-nertus","Фосміній, табл.","пляшка 1кг",econom,86
8002,existing,"Нопосон","Нопосон","МЕГАЛИП ПАУЕР","5 л","Етанол сульфату натрію, 700г/л","0,1-0,25 л/га",rodentytsydy,"Родентицид",3.25,2.71,2.98,USD,"mehalyp-pauer-noposon","МЕГАЛИП ПАУЕР","5 л",econom,29
8006,existing,"Укравіт","Укравіт","Бродівіт, Р","5 л","Бродіфакум, 0,25%","",rodentytsydy,"Родентицид",23,19.17,21.09,USD,"brodivit-r-ukravit","Бродівіт, Р","5 л",premium,145
8007,existing,"ALFASMARTAGRO","Alfa Smart Agro","Джин, ТБ","1 кг","фосфід алюмінію, 560 г/кг","3 табл. На 1т",rodentytsydy,"Родентицид",11.56,9.63,10.59,USD,"dzhyn-tb-alfa-smart-agro","Джин, ТБ","1 кг",premium,92
8008,existing,"ALFASMARTAGRO","Alfa Smart Agro","Номайс, розчин","1 л","бродифакум, 0,25%","20 мл на 1кг принади",rodentytsydy,"Родентицид",25.08,20.9,22.99,USD,"nomais-rozchyn-alfa-smart-agro","Номайс, розчин","1 л",premium,91
8009,existing,"Himagro","Himagro","АНТИМИША, ГП","1 кг","бродіфакум, 0,005%","1,5-4,0",rodentytsydy,"Родентицид",5.75,4.79,5.27,USD,"antymysha-hp-himagro","АНТИМИША, ГП","1 кг",econom,126
8011,new-sku,"Нертус","Нертус","Мишолов, р","1 л","бродіфакум, 0,25 г/л","",rodentytsydy,"Родентицид",17.37,14.48,15.93,USD,"","","",,105